miRNA,Position in the UTR,seed match,context++ score,context++ score percentile,weighted context++ score,conserved branch length,Pct
hsa-miR-300,50-56,7mer-1A,-0.12, 95,-0.12,4.425,N/A
hsa-miR-381-3p,50-56,7mer-1A,-0.10, 93,-0.10,4.425,N/A
hsa-miR-10a-5p,65-72,8mer,-0.79, 99,-0.79,7.100,0.82
hsa-miR-10b-5p,65-72,8mer,-0.79, 99,-0.79,7.100,0.82
hsa-miR-504-5p.1,66-72,7mer-1A,-0.23, 96,-0.23,4.425,N/A
hsa-miR-211-5p,178-184,7mer-1A,-0.12, 83,-0.12,4.105,< 0.1
hsa-miR-204-5p,178-184,7mer-1A,-0.12, 83,-0.12,4.105,< 0.1
hsa-miR-892c-3p,183-189,7mer-m8,-0.15, 89,-0.15,3.395,N/A
hsa-miR-4676-3p,183-189,7mer-m8,-0.13, 87,-0.13,3.395,N/A
hsa-miR-452-5p,183-189,7mer-m8,-0.10, 82,-0.10,3.395,N/A
hsa-miR-147b,196-202,7mer-1A,-0.30, 92,-0.29,5.396,< 0.1
hsa-miR-210-3p,196-202,7mer-1A,-0.33, 91,-0.32,5.396,0.21
hsa-miR-206,220-226,7mer-m8,-0.37, 97,-0.36,6.475,0.83
hsa-miR-613,220-226,7mer-m8,-0.38, 97,-0.37,6.475,0.83
hsa-miR-1-3p,220-226,7mer-m8,-0.37, 97,-0.36,6.475,0.83
hsa-miR-495-3p,241-247,7mer-m8,-0.02, 78,-0.02,4.354,N/A
hsa-miR-5688,241-247,7mer-m8,-0.02, 77,-0.02,4.354,N/A
hsa-miR-182-5p,252-258,7mer-m8,-0.24, 91,-0.23,7.117,0.64
hsa-miR-103a-3p,299-305,7mer-m8,-0.42, 98,-0.41,6.675,0.72
hsa-miR-107,299-305,7mer-m8,-0.42, 98,-0.41,6.675,0.72
hsa-miR-6838-5p,300-306,7mer-m8,-0.44, 99,-0.43,6.675,0.76
hsa-miR-15a-5p,300-306,7mer-m8,-0.43, 99,-0.42,6.675,0.76
hsa-miR-16-5p,300-306,7mer-m8,-0.44, 99,-0.43,6.675,0.76
hsa-miR-195-5p,300-306,7mer-m8,-0.44, 99,-0.43,6.675,0.76
hsa-miR-424-5p,300-306,7mer-m8,-0.40, 98,-0.39,6.675,0.76
hsa-miR-497-5p,300-306,7mer-m8,-0.38, 98,-0.37,6.675,0.76
hsa-miR-15b-5p,300-306,7mer-m8,-0.42, 98,-0.41,6.675,0.76
hsa-miR-206,390-396,7mer-m8,-0.35, 97,-0.31,6.565,0.83
hsa-miR-613,390-396,7mer-m8,-0.35, 97,-0.31,6.565,0.83
hsa-miR-1-3p,390-396,7mer-m8,-0.35, 97,-0.31,6.565,0.83
hsa-miR-191-5p,393-399,7mer-m8,-0.40, 96,-0.35,6.665,0.49
hsa-miR-30e-5p,397-403,7mer-1A,-0.18, 83,-0.16,6.623,0.78
hsa-miR-30d-5p,397-403,7mer-1A,-0.17, 82,-0.15,6.623,0.78
hsa-miR-30a-5p,397-403,7mer-1A,-0.17, 82,-0.15,6.623,0.78
hsa-miR-30c-5p,397-403,7mer-1A,-0.16, 78,-0.14,6.623,0.78
hsa-miR-30b-5p,397-403,7mer-1A,-0.15, 76,-0.13,6.623,0.78
hsa-miR-361-5p,464-470,7mer-m8,-0.15, 83,-0.13,3.977,N/A
hsa-miR-489-3p,488-494,7mer-1A,-0.06, 81,-0.05,6.738,0.14
hsa-miR-495-3p,552-558,7mer-m8,-0.10, 94,-0.01,3.622,N/A
hsa-miR-5688,552-558,7mer-m8,-0.12, 94,-0.01,3.622,N/A
hsa-miR-5688,574-580,7mer-m8,-0.15, 96,-0.01,3.161,N/A
hsa-miR-495-3p,574-580,7mer-m8,-0.09, 94,-0.01,3.161,N/A
hsa-miR-5688,578-584,7mer-m8,-0.16, 97,-0.02,3.161,N/A
hsa-miR-495-3p,578-584,7mer-m8,-0.08, 94,-0.01,3.161,N/A
hsa-miR-206,1322-1329,8mer,-0.23, 92,-0.02,2.686,0.40
hsa-miR-613,1322-1329,8mer,-0.24, 92,-0.02,2.686,0.40
hsa-miR-1-3p,1322-1329,8mer,-0.23, 92,-0.02,2.686,0.40
hsa-miR-670-3p,1624-1631,8mer,-0.16, 88,-0.02,2.419,N/A
hsa-miR-504-5p.1,1632-1638,7mer-m8,-0.17, 93,-0.02,2.889,N/A
hsa-miR-3118,2492-2499,8mer,-0.33, 96,-0.03,2.233,N/A
hsa-miR-134-5p,2492-2499,8mer,-0.31, 96,-0.03,2.233,N/A
hsa-miR-140-3p.2,2597-2603,7mer-m8,-0.20, 92,-0.02,4.931,0.24
hsa-miR-494-3p,2620-2626,7mer-1A,-0.02, 50,-0.00,3.611,N/A
hsa-miR-653-5p,2620-2626,7mer-m8,-0.02, 35,-0.00,3.611,N/A
hsa-miR-6893-3p,2634-2640,7mer-m8,-0.03, 42,-0.00,3.314,N/A
hsa-miR-370-3p,2634-2640,7mer-m8,-0.02, 41,-0.00,3.314,N/A
hsa-miR-410-3p,2768-2774,7mer-1A,-0.01, 55,-0.00,4.284,N/A
hsa-miR-365a-3p,2796-2802,7mer-1A,-0.20, 88,-0.02,6.025,0.43
hsa-miR-365b-3p,2796-2802,7mer-1A,-0.20, 88,-0.02,6.025,0.43
hsa-miR-155-5p,2797-2803,7mer-1A,-0.15, 81,-0.01,6.025,0.68
hsa-miR-582-5p,2957-2963,7mer-1A,-0.14, 89,-0.01,3.617,N/A
hsa-miR-6835-3p,3007-3013,7mer-1A,-0.07, 87,-0.00,3.645,N/A
hsa-miR-16-2-3p,27-33,7mer-1A,-0.12, 91,-0.12,1.317,N/A
hsa-miR-195-3p,27-33,7mer-1A,-0.11, 89,-0.11,1.317,N/A
hsa-miR-6818-3p,32-38,7mer-1A,-0.23, 94,-0.23,0.000,N/A
hsa-miR-4775,38-44,7mer-m8,-0.06, 94,-0.06,0.000,N/A
hsa-miR-590-3p,38-44,7mer-1A,-0.04, 89,-0.04,0.467,N/A
hsa-miR-577,42-48,7mer-1A,-0.18, 96,-0.18,0.057,N/A
hsa-miR-3121-3p,45-51,7mer-m8,-0.13, 94,-0.13,0.009,N/A
hsa-miR-98-3p,50-56,7mer-m8,-0.18, 95,-0.18,1.454,N/A
hsa-let-7a-3p,50-56,7mer-m8,-0.17, 95,-0.17,1.454,N/A
hsa-let-7b-3p,50-56,7mer-m8,-0.16, 94,-0.16,1.454,N/A
hsa-let-7f-1-3p,50-56,7mer-m8,-0.17, 94,-0.17,1.454,N/A
hsa-miR-4666a-3p,50-56,7mer-1A,-0.11, 93,-0.11,0.000,N/A
hsa-miR-5011-5p,53-60,8mer,-0.16, 95,-0.16,0.000,N/A
hsa-miR-190a-3p,54-60,7mer-m8,-0.09, 90,-0.09,1.034,N/A
hsa-miR-3924,58-65,8mer,-0.39, 99,-0.39,0.000,N/A
hsa-miR-7848-3p,67-73,7mer-1A,-0.21, 86,-0.21,0.000,N/A
hsa-miR-32-3p,71-77,7mer-1A,-0.06, 93,-0.06,0.320,N/A
hsa-miR-4427,76-82,7mer-m8,-0.26, 98,-0.26,0.000,N/A
hsa-miR-944,93-99,7mer-m8,-0.16, 98,-0.16,0.057,N/A
hsa-miR-4282,96-102,7mer-1A,-0.01, 49,-0.01,0.000,N/A
hsa-miR-3163,97-103,7mer-m8,-0.03, 93,-0.03,0.000,N/A
hsa-let-7f-1-3p,112-118,7mer-1A,-0.13, 90,-0.13,1.454,N/A
hsa-miR-1185-1-3p,112-118,7mer-1A,-0.11, 88,-0.11,1.393,N/A
hsa-miR-98-3p,112-118,7mer-1A,-0.11, 88,-0.11,1.454,N/A
hsa-miR-1185-2-3p,112-118,7mer-1A,-0.11, 88,-0.11,1.393,N/A
hsa-let-7a-3p,112-118,7mer-1A,-0.11, 88,-0.11,1.454,N/A
hsa-let-7b-3p,112-118,7mer-1A,-0.10, 87,-0.10,1.454,N/A
hsa-let-7f-2-3p,112-118,7mer-1A,-0.09, 86,-0.09,1.393,N/A
hsa-miR-4789-5p,112-118,7mer-1A,-0.01, 51,-0.01,0.320,N/A
hsa-miR-4729,115-122,8mer,-0.20, 97,-0.20,0.000,N/A
hsa-miR-5696,116-123,8mer,-0.20, 97,-0.20,0.000,N/A
hsa-miR-664b-3p,117-123,7mer-1A,-0.07, 91,-0.07,0.057,N/A
hsa-miR-579-3p,117-123,7mer-1A,-0.04, 81,-0.04,0.057,N/A
hsa-miR-568,126-132,7mer-m8,-0.15, 89,-0.15,0.631,N/A
hsa-miR-1183,129-135,7mer-1A,-0.14, 87,-0.14,0.057,N/A
hsa-miR-3674,143-149,7mer-m8,-0.18, 83,-0.17,0.000,N/A
hsa-miR-508-3p,145-151,7mer-m8,-0.22, 91,-0.21,0.009,N/A
hsa-miR-3121-3p,150-157,8mer,-0.21, 98,-0.20,0.009,N/A
hsa-miR-95-5p,154-160,7mer-m8,-0.06, 70,-0.06,0.054,N/A
hsa-miR-323b-3p,156-162,7mer-1A,-0.10, 83,-0.10,0.054,N/A
hsa-miR-490-5p,167-173,7mer-1A,-0.13, 85,-0.12,1.317,N/A
hsa-miR-7152-3p,172-178,7mer-1A,-0.23, 91,-0.23,0.000,N/A
hsa-miR-3663-5p,172-178,7mer-1A,-0.11, 89,-0.10,0.000,N/A
hsa-miR-1237-3p,175-181,7mer-m8,-0.16, 91,-0.16,0.009,N/A
hsa-miR-5088-3p,176-183,8mer,-0.37, 98,-0.36,0.000,N/A
hsa-miR-4755-5p,178-185,8mer,-0.26, 96,-0.25,0.000,N/A
hsa-miR-5006-3p,178-185,8mer,-0.26, 96,-0.25,0.000,N/A
hsa-miR-623,178-184,7mer-1A,-0.13, 84,-0.13,0.000,N/A
hsa-miR-4446-5p,179-185,7mer-m8,-0.13, 87,-0.13,0.000,N/A
hsa-miR-943,185-191,7mer-m8,-0.27, 96,-0.26,0.236,N/A
hsa-let-7i-3p,193-199,7mer-m8,-0.47, 95,-0.46,0.367,N/A
hsa-miR-933,194-201,8mer,-0.85, 99,-0.82,0.495,N/A
hsa-miR-382-5p,199-206,8mer,-0.27, 98,-0.26,0.935,N/A
hsa-miR-495-5p,200-206,7mer-1A,-0.07, 84,-0.07,0.000,N/A
hsa-miR-7856-5p,203-209,7mer-1A,-0.05, 85,-0.05,0.000,N/A
hsa-miR-499b-5p,209-215,7mer-m8,-0.22, 94,-0.22,0.000,N/A
hsa-miR-4771,210-217,8mer,-0.62, 99,-0.60,0.000,N/A
hsa-miR-1273h-3p,211-217,7mer-m8,-0.32, 98,-0.31,0.000,N/A
hsa-miR-3166,211-217,7mer-1A,-0.27, 91,-0.26,0.000,N/A
hsa-miR-5700,214-220,7mer-1A,-0.08, 84,-0.08,0.200,N/A
hsa-miR-380-3p,217-223,7mer-m8,-0.06, 83,-0.06,0.230,N/A
hsa-miR-6830-5p,223-230,8mer,-0.42, 99,-0.41,0.000,N/A
hsa-miR-561-5p,224-230,7mer-m8,-0.34, 97,-0.33,0.000,N/A
hsa-miR-5003-5p,234-240,7mer-m8,-0.19, 89,-0.18,0.000,N/A
hsa-miR-497-3p,238-244,7mer-m8,-0.13, 93,-0.13,0.729,N/A
hsa-miR-6715a-3p,239-245,7mer-m8,-0.09, 75,-0.09,0.367,N/A
hsa-miR-3065-5p,242-248,7mer-m8,-0.02, 39,-0.02,0.367,N/A
hsa-miR-196a-3p,244-250,7mer-m8,-0.20, 84,-0.19,0.000,N/A
hsa-miR-4445-3p,246-252,7mer-m8,-0.36, 95,-0.35,0.000,N/A
hsa-miR-548al,246-252,7mer-m8,-0.31, 91,-0.30,0.000,N/A
hsa-miR-196a-3p,251-257,7mer-1A,-0.20, 84,-0.19,0.000,N/A
hsa-miR-5584-3p,257-263,7mer-m8,-0.13, 89,-0.12,0.000,N/A
hsa-miR-4277,258-265,8mer,-0.36, 99,-0.35,0.000,N/A
hsa-miR-584-3p,259-265,7mer-1A,-0.18, 88,-0.17,0.000,N/A
hsa-miR-30d-3p,261-268,8mer,-0.31, 98,-0.30,0.000,N/A
hsa-miR-30a-3p,261-268,8mer,-0.31, 98,-0.30,0.000,N/A
hsa-miR-30e-3p,261-268,8mer,-0.31, 98,-0.30,0.000,N/A
hsa-miR-4307,265-272,8mer,-0.24, 98,-0.24,0.000,N/A
hsa-miR-552-5p,277-283,7mer-1A,-0.05, 91,-0.05,0.000,N/A
hsa-miR-4795-3p,286-293,8mer,-0.29, 98,-0.28,0.000,N/A
hsa-miR-126-5p,286-292,7mer-1A,-0.17, 97,-0.16,0.484,N/A
hsa-miR-4422,303-309,7mer-1A,-0.07, 88,-0.07,0.000,N/A
hsa-miR-6835-3p,303-309,7mer-1A,-0.03, 80,-0.03,3.599,N/A
hsa-miR-9-3p,304-310,7mer-1A,-0.13, 86,-0.13,0.913,N/A
hsa-miR-513b-5p,311-317,7mer-1A,-0.11, 87,-0.10,0.354,N/A
hsa-miR-4795-3p,321-327,7mer-1A,-0.04, 74,-0.03,0.000,N/A
hsa-miR-5004-5p,330-336,7mer-m8,-0.28, 93,-0.25,0.000,N/A
hsa-miR-583,333-339,7mer-m8,-0.13, 92,-0.12,0.057,N/A
hsa-miR-4766-5p,336-343,8mer,-0.28, 99,-0.25,0.347,N/A
hsa-miR-4762-3p,339-345,7mer-1A,-0.10, 86,-0.08,0.000,N/A
hsa-miR-4652-3p,345-352,8mer,-0.20, 98,-0.18,0.000,N/A
hsa-miR-4743-3p,346-352,7mer-1A,-0.12, 90,-0.10,0.000,N/A
hsa-miR-4455,355-367,non-canonical,N/A,N/A,N/A,0.000,N/A
hsa-miR-4455,355-367,non-canonical,N/A,N/A,N/A,0.000,N/A
hsa-miR-6867-5p,357-363,7mer-1A,-0.13, 58,-0.11,0.000,N/A
hsa-miR-574-5p,357-369,non-canonical,N/A,N/A,N/A,0.000,N/A
hsa-miR-574-5p,357-369,non-canonical,N/A,N/A,N/A,0.000,N/A
hsa-miR-6867-5p,358-365,8mer,-0.43, 96,-0.37,0.000,N/A
hsa-miR-6867-5p,360-367,8mer,-0.41, 95,-0.35,0.000,N/A
hsa-miR-6867-5p,362-369,8mer,-0.41, 95,-0.35,0.000,N/A
hsa-miR-6867-5p,364-371,8mer,-0.42, 96,-0.37,0.000,N/A
hsa-miR-6818-5p,366-372,7mer-1A,-0.21, 96,-0.18,0.000,N/A
hsa-miR-147a,366-372,7mer-1A,-0.15, 95,-0.13,0.057,N/A
hsa-miR-3671,378-384,7mer-1A,-0.12, 91,-0.10,0.000,N/A
hsa-miR-607,378-384,7mer-m8,-0.02, 69,-0.02,0.000,N/A
hsa-miR-659-3p,382-389,8mer,-0.44, 99,-0.38,0.000,N/A
hsa-miR-218-1-3p,382-388,7mer-1A,-0.16, 82,-0.14,0.054,N/A
hsa-miR-19b-2-5p,386-392,7mer-1A,-0.04, 70,-0.04,1.053,N/A
hsa-miR-19a-5p,386-392,7mer-1A,-0.04, 70,-0.04,1.053,N/A
hsa-miR-19b-1-5p,386-392,7mer-1A,-0.04, 70,-0.04,1.053,N/A
hsa-miR-2052,386-392,7mer-1A,-0.07, 67,-0.06,0.000,N/A
hsa-miR-4307,387-393,7mer-m8,-0.09, 87,-0.08,0.000,N/A
hsa-miR-33a-3p,388-394,7mer-m8,-0.02, 72,-0.02,0.367,N/A
hsa-miR-553,395-401,7mer-1A,-0.34, 95,-0.30,0.009,N/A
hsa-miR-4495,398-404,7mer-m8,-0.11, 87,-0.09,0.000,N/A
hsa-miR-3662,402-408,7mer-1A,-0.01, 47,-0.01,0.000,N/A
hsa-miR-4693-5p,410-416,7mer-1A,-0.11, 72,-0.10,0.000,N/A
hsa-miR-4637,431-437,7mer-1A,-0.14, 82,-0.12,0.000,N/A
hsa-miR-1278,434-440,7mer-1A,-0.16, 84,-0.14,0.009,N/A
hsa-miR-545-5p,448-454,7mer-m8,-0.15, 90,-0.14,0.318,N/A
hsa-miR-548e-5p,453-460,8mer,-0.19, 97,-0.17,0.000,N/A
hsa-miR-4670-3p,459-465,7mer-m8,-0.18, 93,-0.16,0.000,N/A
hsa-miR-2115-3p,463-470,8mer,-0.26, 97,-0.23,0.879,N/A
hsa-miR-3065-3p,495-501,7mer-m8,-0.30, 97,-0.03,0.367,N/A
hsa-miR-549a,501-507,7mer-1A,-0.08, 63,-0.01,0.009,N/A
hsa-miR-340-5p,505-516,non-canonical,N/A,N/A,N/A,0.000,N/A
hsa-miR-340-5p,505-516,non-canonical,N/A,N/A,N/A,0.000,N/A
hsa-miR-3908,506-512,7mer-m8,-0.04, 77,-0.00,0.000,N/A
hsa-miR-6835-3p,509-515,7mer-1A,-0.01, 55,-0.00,1.589,N/A
hsa-miR-4422,509-515,7mer-1A,-0.01, 44,-0.00,0.000,N/A
hsa-miR-545-5p,512-518,7mer-m8,-0.02, 28,-0.00,0.318,N/A
hsa-miR-4676-5p,515-521,7mer-m8,-0.13, 94,-0.01,0.009,N/A
hsa-miR-575,515-521,7mer-m8,-0.10, 92,-0.01,0.009,N/A
hsa-miR-6729-3p,524-530,7mer-m8,-0.21, 88,-0.02,0.000,N/A
hsa-miR-6798-3p,524-535,non-canonical,N/A,N/A,N/A,0.000,N/A
hsa-miR-6798-3p,524-535,non-canonical,N/A,N/A,N/A,0.000,N/A
hsa-miR-361-3p,529-535,7mer-1A,-0.05, 50,-0.00,0.057,N/A
hsa-miR-6729-3p,531-537,7mer-m8,-0.19, 86,-0.02,0.000,N/A
hsa-miR-6798-3p,538-544,7mer-m8,-0.40, 95,-0.04,0.000,N/A
hsa-miR-4640-3p,538-544,7mer-1A,-0.20, 85,-0.02,0.000,N/A
hsa-miR-8059,594-601,8mer,-0.32, 97,-0.03,0.000,N/A
hsa-miR-4471,594-601,8mer,-0.35, 96,-0.03,0.000,N/A
hsa-miR-1292-5p,595-601,7mer-1A,-0.14, 83,-0.01,0.264,N/A
hsa-miR-4769-5p,597-603,7mer-1A,-0.11, 83,-0.01,0.009,N/A
hsa-miR-4654,597-603,7mer-1A,-0.12, 79,-0.01,0.009,N/A
hsa-miR-4648,597-603,7mer-1A,-0.10, 77,-0.01,0.000,N/A
hsa-miR-1233-5p,597-603,7mer-1A,-0.14, 64,-0.01,0.234,N/A
hsa-miR-6778-5p,597-603,7mer-1A,-0.13, 60,-0.01,0.234,N/A
hsa-miR-134-3p,598-604,7mer-m8,-0.17, 87,-0.02,0.054,N/A
hsa-miR-339-5p,601-607,7mer-1A,-0.01, 29,-0.00,2.026,N/A
hsa-miR-7113-3p,602-608,7mer-m8,-0.10, 75,-0.01,0.000,N/A
hsa-miR-4684-5p,608-614,7mer-m8,-0.10, 79,-0.01,0.000,N/A
hsa-miR-3675-3p,609-615,7mer-m8,-0.02, 31,-0.00,0.000,N/A
hsa-miR-2355-5p,615-621,7mer-1A,-0.09, 68,-0.01,0.000,N/A
hsa-miR-3679-3p,616-622,7mer-1A,-0.07, 65,-0.01,0.000,N/A
hsa-miR-3124-3p,618-624,7mer-1A,-0.08, 78,-0.01,0.000,N/A
hsa-miR-8065,626-633,8mer,-0.27, 90,-0.03,0.000,N/A
hsa-miR-135b-3p,628-634,7mer-1A,-0.18, 76,-0.02,0.000,N/A
hsa-miR-190a-3p,634-640,7mer-m8,-0.02, 40,-0.00,0.000,N/A
hsa-miR-5011-5p,634-640,7mer-1A,-0.01, 24,-0.00,0.000,N/A
hsa-miR-5011-5p,635-641,7mer-m8,-0.02, 37,-0.00,0.000,N/A
hsa-miR-1277-5p,636-642,7mer-m8,-0.02, 53,-0.00,0.000,N/A
hsa-miR-3157-5p,644-650,7mer-m8,-0.25, 94,-0.02,0.000,N/A
hsa-miR-4691-3p,644-650,7mer-1A,-0.10, 81,-0.01,0.000,N/A
hsa-miR-3617-3p,646-652,7mer-1A,-0.19, 85,-0.02,0.000,N/A
hsa-miR-374a-3p,647-654,8mer,-0.16, 92,-0.02,0.000,N/A
hsa-miR-361-5p,647-653,7mer-1A,-0.12, 76,-0.01,0.034,N/A
hsa-miR-5003-5p,668-675,8mer,-0.25, 94,-0.02,0.742,N/A
hsa-miR-513b-5p,670-676,7mer-1A,-0.01, 34,-0.00,0.057,N/A
hsa-miR-6837-3p,672-678,7mer-1A,-0.12, 80,-0.01,0.000,N/A
hsa-miR-412-3p,672-678,7mer-1A,-0.03, 49,-0.00,0.057,N/A
hsa-miR-6754-3p,672-678,7mer-1A,-0.01, 32,-0.00,0.057,N/A
hsa-miR-548aw,681-687,7mer-1A,-0.07, 90,-0.01,0.000,N/A
hsa-miR-518a-5p,681-687,7mer-1A,-0.01, 44,-0.00,0.009,N/A
hsa-miR-527,681-687,7mer-1A,-0.01, 44,-0.00,0.009,N/A
hsa-miR-25-3p,683-689,7mer-1A,-0.08, 80,-0.01,3.569,0.38
hsa-miR-363-3p,683-689,7mer-1A,-0.09, 78,-0.01,3.569,0.38
hsa-miR-367-3p,683-689,7mer-1A,-0.07, 75,-0.01,3.569,0.38
hsa-miR-32-5p,683-689,7mer-1A,-0.05, 71,-0.00,3.569,0.38
hsa-miR-92b-3p,683-689,7mer-1A,-0.04, 71,-0.00,3.569,0.38
hsa-miR-92a-3p,683-689,7mer-1A,-0.04, 71,-0.00,3.569,0.38
hsa-miR-369-5p,690-696,7mer-1A,-0.23, 82,-0.02,0.000,N/A
hsa-miR-3192-3p,692-698,7mer-m8,-0.13, 89,-0.01,0.000,N/A
hsa-miR-3151-3p,692-698,7mer-1A,-0.04, 54,-0.00,0.000,N/A
hsa-miR-452-3p,695-701,7mer-m8,-0.10, 77,-0.01,0.000,N/A
hsa-miR-554,700-706,7mer-1A,-0.08, 69,-0.01,0.000,N/A
hsa-miR-4775,716-723,8mer,-0.03, 79,-0.00,0.000,N/A
hsa-miR-590-3p,716-722,7mer-1A,-0.01, 34,-0.00,0.467,N/A
hsa-miR-4423-5p,723-729,7mer-m8,-0.26, 92,-0.03,0.000,N/A
hsa-miR-6739-3p,731-737,7mer-1A,-0.17, 88,-0.02,0.000,N/A
hsa-miR-375,731-737,7mer-1A,-0.09, 84,-0.01,0.517,< 0.1
hsa-miR-129-5p,734-740,7mer-1A,-0.01, 47,-0.00,0.252,< 0.1
hsa-miR-153-5p,737-743,7mer-m8,-0.02, 67,-0.00,0.054,N/A
hsa-miR-574-5p,746-752,7mer-m8,-0.15, 72,-0.01,0.320,N/A
hsa-miR-122-5p,747-754,8mer,-0.24, 95,-0.02,1.281,< 0.1
hsa-miR-504-3p,748-754,7mer-1A,-0.03, 52,-0.00,0.320,N/A
hsa-miR-7847-3p,750-756,7mer-1A,-0.11, 63,-0.01,0.000,N/A
hsa-miR-4491,751-757,7mer-m8,-0.09, 69,-0.01,0.000,N/A
hsa-miR-4657,751-757,7mer-m8,-0.04, 36,-0.00,0.000,N/A
hsa-miR-4764-5p,753-759,7mer-m8,-0.13, 69,-0.01,0.000,N/A
hsa-miR-7112-3p,761-768,8mer,-0.13, 81,-0.01,0.000,N/A
hsa-miR-4711-5p,762-768,7mer-1A,-0.02, 29,-0.00,0.000,N/A
hsa-miR-3689d,767-773,7mer-m8,-0.07, 67,-0.01,0.000,N/A
hsa-miR-6851-5p,767-773,7mer-m8,-0.11, 63,-0.01,0.000,N/A
hsa-miR-6799-5p,768-775,8mer,-0.05, 75,-0.01,0.000,N/A
hsa-miR-7106-5p,769-775,7mer-1A,-0.10, 74,-0.01,0.000,N/A
hsa-miR-6883-5p,769-775,7mer-1A,-0.08, 63,-0.01,0.000,N/A
hsa-miR-6785-5p,769-775,7mer-1A,-0.06, 59,-0.01,0.000,N/A
hsa-miR-149-3p,769-775,7mer-1A,-0.07, 56,-0.01,0.000,N/A
hsa-miR-6780a-5p,769-775,7mer-m8,-0.07, 55,-0.01,0.054,N/A
hsa-miR-3689b-3p,769-775,7mer-m8,-0.05, 53,-0.01,0.054,N/A
hsa-miR-3689a-3p,769-775,7mer-m8,-0.05, 53,-0.01,0.054,N/A
hsa-miR-3689c,769-775,7mer-m8,-0.05, 53,-0.01,0.054,N/A
hsa-miR-6779-5p,769-775,7mer-m8,-0.05, 50,-0.01,0.054,N/A
hsa-miR-30b-3p,769-775,7mer-m8,-0.04, 49,-0.00,0.054,N/A
hsa-miR-4728-5p,769-775,7mer-1A,-0.03, 42,-0.00,0.000,N/A
hsa-miR-1273h-5p,769-775,7mer-m8,-0.03, 37,-0.00,0.054,N/A
hsa-miR-3192-5p,770-776,7mer-m8,-0.03, 55,-0.00,0.009,N/A
hsa-miR-661,772-778,7mer-m8,-0.12, 73,-0.01,0.057,N/A
hsa-miR-2861,774-780,7mer-m8,-0.11, 71,-0.01,0.000,N/A
hsa-miR-744-5p,777-783,7mer-m8,-0.33, 87,-0.03,0.066,N/A
hsa-miR-4781-5p,778-784,7mer-m8,-0.24, 73,-0.02,0.000,N/A
hsa-miR-186-5p,786-792,7mer-m8,-0.02, 73,-0.00,0.154,N/A
hsa-miR-186-3p,789-795,7mer-m8,-0.02, 52,-0.00,0.000,N/A
hsa-miR-4256,800-806,7mer-m8,-0.07, 62,-0.01,0.000,N/A
hsa-miR-4750-3p,800-806,7mer-1A,-0.01, 43,-0.00,0.000,N/A
hsa-miR-301b-5p,801-807,7mer-m8,-0.02, 68,-0.00,0.054,N/A
hsa-miR-301a-5p,801-807,7mer-m8,-0.02, 68,-0.00,0.054,N/A
hsa-miR-4714-5p,802-809,8mer,-0.03, 38,-0.00,0.000,N/A
hsa-miR-514a-5p,803-809,7mer-1A,-0.01, 34,-0.00,0.054,N/A
hsa-miR-3664-5p,803-809,7mer-1A,-0.01, 25,-0.00,0.000,N/A
hsa-miR-550b-3p,805-811,7mer-m8,-0.03, 61,-0.00,0.000,N/A
hsa-miR-646,810-816,7mer-m8,-0.21, 94,-0.02,0.009,N/A
hsa-miR-548e-5p,813-819,7mer-m8,-0.02, 39,-0.00,0.000,N/A
hsa-miR-3667-3p,823-829,7mer-1A,-0.04, 54,-0.00,0.000,N/A
hsa-miR-6734-3p,823-829,7mer-1A,-0.01, 33,-0.00,0.000,N/A
hsa-miR-4303,839-846,8mer,-0.22, 95,-0.02,0.000,N/A
hsa-miR-6751-3p,839-845,7mer-1A,-0.06, 65,-0.01,0.009,N/A
hsa-miR-1199-5p,839-845,7mer-1A,-0.02, 45,-0.00,0.009,N/A
hsa-miR-124-5p,844-850,7mer-1A,-0.20, 84,-0.02,0.000,N/A
hsa-miR-186-5p,850-856,7mer-m8,-0.02, 73,-0.00,2.480,N/A
hsa-miR-6733-5p,853-859,7mer-m8,-0.07, 73,-0.01,0.320,N/A
hsa-miR-6739-5p,853-859,7mer-m8,-0.05, 65,-0.01,0.320,N/A
hsa-miR-3153,853-859,7mer-m8,-0.02, 54,-0.00,0.320,N/A
hsa-miR-625-5p,855-861,7mer-m8,-0.14, 57,-0.01,0.000,N/A
hsa-miR-6795-5p,856-862,7mer-m8,-0.31, 82,-0.03,0.000,N/A
hsa-miR-6887-5p,856-862,7mer-m8,-0.29, 80,-0.03,0.000,N/A
hsa-miR-6785-5p,861-867,7mer-m8,-0.13, 78,-0.01,0.000,N/A
hsa-miR-149-3p,861-867,7mer-m8,-0.13, 75,-0.01,0.000,N/A
hsa-miR-6883-5p,861-867,7mer-m8,-0.11, 72,-0.01,0.000,N/A
hsa-miR-4728-5p,861-867,7mer-m8,-0.12, 72,-0.01,0.000,N/A
hsa-miR-6825-5p,862-868,7mer-m8,-0.17, 66,-0.02,0.000,N/A
hsa-miR-6870-5p,863-869,7mer-m8,-0.26, 81,-0.03,0.000,N/A
hsa-miR-7111-5p,863-869,7mer-m8,-0.23, 75,-0.02,0.000,N/A
hsa-miR-4723-5p,863-869,7mer-m8,-0.23, 75,-0.02,0.000,N/A
hsa-miR-5698,863-869,7mer-m8,-0.22, 73,-0.02,0.000,N/A
hsa-miR-6794-5p,864-870,7mer-m8,-0.19, 76,-0.02,0.054,N/A
hsa-miR-4716-3p,864-870,7mer-m8,-0.16, 71,-0.02,0.054,N/A
hsa-miR-4786-5p,872-878,7mer-m8,-0.13, 78,-0.01,0.000,N/A
hsa-miR-3150b-3p,875-881,7mer-m8,-0.16, 84,-0.02,0.000,N/A
hsa-miR-4784,875-881,7mer-m8,-0.16, 83,-0.02,0.000,N/A
hsa-miR-583,878-884,7mer-m8,-0.06, 79,-0.01,0.057,N/A
hsa-miR-6875-3p,897-904,8mer,-0.19, 93,-0.02,0.000,N/A
hsa-miR-4659a-3p,898-904,7mer-1A,-0.01, 24,-0.00,0.000,N/A
hsa-miR-4659b-3p,898-904,7mer-1A,-0.01, 24,-0.00,0.000,N/A
hsa-miR-29a-5p,904-910,7mer-m8,-0.03, 50,-0.00,0.000,N/A
hsa-miR-3939,912-918,7mer-m8,-0.44, 93,-0.04,0.000,N/A
hsa-miR-523-3p,913-919,7mer-m8,-0.42, 93,-0.04,0.009,N/A
hsa-miR-589-3p,917-923,7mer-1A,-0.05, 63,-0.01,0.000,N/A
hsa-miR-3942-3p,919-925,7mer-1A,-0.01, 50,-0.00,0.000,N/A
hsa-miR-205-3p,920-927,8mer,-0.03, 85,-0.00,0.000,N/A
hsa-miR-4519,934-940,7mer-m8,-0.09, 71,-0.01,0.000,N/A
hsa-miR-27a-3p,939-945,7mer-1A,-0.03, 61,-0.00,1.861,< 0.1
hsa-miR-27b-3p,939-945,7mer-1A,-0.03, 60,-0.00,1.861,< 0.1
hsa-miR-513a-5p,939-945,7mer-1A,-0.02, 52,-0.00,0.057,N/A
hsa-miR-6500-3p,945-952,8mer,-0.17, 93,-0.02,0.000,N/A
hsa-miR-3614-5p,946-952,7mer-1A,-0.05, 62,-0.01,0.000,N/A
hsa-miR-124-5p,950-957,8mer,-0.28, 93,-0.03,0.000,N/A
hsa-miR-642b-3p,959-965,7mer-1A,-0.03, 47,-0.00,0.000,N/A
hsa-miR-642a-3p,959-965,7mer-1A,-0.03, 46,-0.00,0.000,N/A
hsa-miR-4504,961-967,7mer-1A,-0.07, 64,-0.01,0.009,N/A
hsa-miR-542-3p,961-967,7mer-1A,-0.01, 21,-0.00,1.796,N/A
hsa-miR-4501,962-968,7mer-m8,-0.08, 80,-0.01,0.000,N/A
hsa-miR-433-3p,967-973,7mer-m8,-0.02, 42,-0.00,0.400,N/A
hsa-let-7d-3p,977-984,8mer,-0.36, 92,-0.03,0.000,N/A
hsa-let-7e-3p,978-984,7mer-1A,-0.18, 63,-0.02,0.000,N/A
hsa-miR-5581-3p,985-991,7mer-m8,-0.26, 95,-0.02,0.000,N/A
hsa-miR-6872-3p,985-991,7mer-1A,-0.10, 68,-0.01,0.000,N/A
hsa-miR-136-5p,987-993,7mer-1A,-0.09, 78,-0.01,1.864,N/A
hsa-miR-519e-5p,988-994,7mer-1A,-0.11, 81,-0.01,0.054,N/A
hsa-miR-515-5p,988-994,7mer-1A,-0.08, 73,-0.01,0.054,N/A
hsa-miR-7156-5p,990-996,7mer-m8,-0.12, 87,-0.01,0.000,N/A
hsa-miR-4273,990-996,7mer-m8,-0.06, 86,-0.01,0.000,N/A
hsa-miR-2117,990-996,7mer-1A,-0.04, 38,-0.00,0.000,N/A
hsa-miR-26b-3p,991-997,7mer-m8,-0.12, 78,-0.01,0.054,N/A
hsa-miR-1208,993-1000,8mer,-0.19, 95,-0.02,0.009,N/A
hsa-miR-6760-3p,994-1000,7mer-1A,-0.10, 84,-0.01,0.000,N/A
hsa-miR-34b-3p,996-1002,7mer-m8,-0.13, 91,-0.01,0.009,N/A
hsa-miR-548c-3p,999-1005,7mer-m8,-0.02, 84,-0.00,0.236,N/A
hsa-miR-4799-5p,1007-1013,7mer-1A,-0.01, 35,-0.00,0.000,N/A
hsa-miR-26b-3p,1010-1017,8mer,-0.36, 98,-0.03,0.054,N/A
hsa-miR-4652-3p,1012-1019,8mer,-0.04, 84,-0.00,0.000,N/A
hsa-miR-4743-3p,1013-1019,7mer-1A,-0.01, 59,-0.00,0.000,N/A
hsa-miR-129-5p,1024-1030,7mer-1A,-0.01, 47,-0.00,0.793,< 0.1
hsa-miR-3170,1032-1039,8mer,-0.47, 99,-0.04,0.000,N/A
hsa-miR-6855-5p,1032-1039,8mer,-0.46, 99,-0.04,0.000,N/A
hsa-miR-193b-5p,1032-1038,7mer-1A,-0.16, 75,-0.02,0.054,N/A
hsa-miR-5572,1033-1040,8mer,-0.36, 98,-0.03,0.000,N/A
hsa-miR-6812-5p,1033-1039,7mer-1A,-0.18, 78,-0.02,0.000,N/A
hsa-miR-6737-5p,1033-1039,7mer-1A,-0.15, 76,-0.02,0.000,N/A
hsa-miR-6819-5p,1033-1039,7mer-1A,-0.13, 69,-0.01,0.000,N/A
hsa-miR-450a-2-3p,1034-1040,7mer-1A,-0.30, 94,-0.03,0.054,N/A
hsa-miR-4260,1034-1040,7mer-1A,-0.12, 76,-0.01,0.000,N/A
hsa-miR-153-5p,1038-1044,7mer-1A,-0.05, 82,-0.00,0.054,N/A
hsa-miR-1250-3p,1038-1044,7mer-1A,-0.01, 46,-0.00,0.000,N/A
hsa-miR-5696,1039-1045,7mer-1A,-0.04, 74,-0.00,0.000,N/A
hsa-miR-664b-3p,1039-1045,7mer-1A,-0.01, 42,-0.00,0.057,N/A
hsa-miR-579-3p,1039-1045,7mer-1A,-0.01, 41,-0.00,0.057,N/A
hsa-miR-5692a,1047-1053,7mer-m8,-0.02, 73,-0.00,0.000,N/A
hsa-miR-6891-3p,1057-1063,7mer-1A,-0.12, 79,-0.01,0.000,N/A
hsa-miR-6072,1057-1063,7mer-1A,-0.09, 73,-0.01,0.000,N/A
hsa-miR-483-3p.1,1059-1065,7mer-m8,-0.24, 94,-0.02,0.362,N/A
hsa-miR-483-3p.2,1060-1067,8mer,-0.30, 97,-0.03,0.000,N/A
hsa-miR-6794-3p,1062-1068,7mer-1A,-0.06, 66,-0.01,0.000,N/A
hsa-miR-5591-3p,1073-1079,7mer-1A,-0.18, 87,-0.02,0.000,N/A
hsa-miR-4662a-5p,1084-1090,7mer-1A,-0.16, 84,-0.02,0.000,N/A
hsa-miR-100-3p,1089-1095,7mer-1A,-0.11, 84,-0.01,0.000,N/A
hsa-miR-4503,1091-1097,7mer-1A,-0.11, 71,-0.01,0.000,N/A
hsa-miR-7856-5p,1092-1098,7mer-1A,-0.01, 40,-0.00,0.000,N/A
hsa-miR-6511a-3p,1107-1113,7mer-m8,-0.10, 68,-0.01,0.000,N/A
hsa-miR-6511b-3p,1107-1113,7mer-m8,-0.10, 68,-0.01,0.000,N/A
hsa-miR-7109-3p,1111-1118,8mer,-0.28, 96,-0.03,0.000,N/A
hsa-miR-2053,1116-1122,7mer-1A,-0.01, 46,-0.00,0.000,N/A
hsa-miR-641,1122-1128,7mer-m8,-0.02, 60,-0.00,0.009,N/A
hsa-miR-3617-5p,1122-1128,7mer-m8,-0.02, 59,-0.00,0.009,N/A
hsa-miR-6885-3p,1131-1138,8mer,-0.03, 64,-0.00,0.000,N/A
hsa-miR-6782-3p,1136-1142,7mer-1A,-0.06, 71,-0.01,0.000,N/A
hsa-miR-6822-3p,1141-1147,7mer-m8,-0.16, 81,-0.02,0.000,N/A
hsa-miR-5088-5p,1143-1149,7mer-m8,-0.24, 92,-0.02,0.000,N/A
hsa-miR-3940-5p,1154-1160,7mer-m8,-0.18, 93,-0.02,0.000,N/A
hsa-miR-4507,1154-1160,7mer-m8,-0.21, 90,-0.02,0.000,N/A
hsa-miR-6861-5p,1156-1162,7mer-1A,-0.26, 95,-0.02,0.000,N/A
hsa-miR-6776-5p,1156-1162,7mer-1A,-0.11, 75,-0.01,0.200,N/A
hsa-miR-4314,1157-1163,7mer-1A,-0.19, 85,-0.02,0.000,N/A
hsa-miR-3192-3p,1171-1178,8mer,-0.20, 95,-0.02,0.000,N/A
hsa-miR-3151-3p,1171-1177,7mer-1A,-0.06, 60,-0.01,0.000,N/A
hsa-miR-4762-3p,1172-1178,7mer-m8,-0.02, 51,-0.00,0.000,N/A
hsa-miR-26b-3p,1175-1181,7mer-m8,-0.08, 68,-0.01,0.054,N/A
hsa-miR-1266-3p,1176-1183,8mer,-0.35, 97,-0.03,0.000,N/A
hsa-miR-7152-5p,1178-1184,7mer-m8,-0.07, 81,-0.01,0.000,N/A
hsa-miR-145-3p,1180-1186,7mer-m8,-0.06, 69,-0.01,0.054,N/A
hsa-miR-4320,1182-1188,7mer-1A,-0.03, 53,-0.00,0.000,N/A
hsa-miR-8056,1183-1190,8mer,-0.22, 89,-0.02,0.000,N/A
hsa-miR-376c-5p,1184-1190,7mer-1A,-0.17, 87,-0.02,0.054,N/A
hsa-miR-376b-5p,1184-1190,7mer-1A,-0.22, 87,-0.02,0.054,N/A
hsa-miR-4752,1184-1190,7mer-m8,-0.15, 86,-0.02,0.000,N/A
hsa-miR-3691-5p,1184-1190,7mer-1A,-0.14, 69,-0.01,0.000,N/A
hsa-miR-4657,1185-1191,7mer-m8,-0.18, 86,-0.02,0.000,N/A
hsa-miR-4491,1185-1191,7mer-m8,-0.16, 83,-0.02,0.000,N/A
hsa-miR-3128,1191-1197,7mer-m8,-0.14, 84,-0.01,0.000,N/A
hsa-miR-653-3p,1194-1200,7mer-m8,-0.13, 87,-0.01,0.054,N/A
hsa-miR-668-3p,1196-1202,7mer-1A,-0.01, 28,-0.00,0.286,N/A
hsa-miR-622,1205-1211,7mer-1A,-0.04, 57,-0.00,0.057,N/A
hsa-miR-4687-3p,1211-1218,8mer,-0.16, 86,-0.02,0.000,N/A
hsa-miR-7974,1212-1218,7mer-1A,-0.16, 75,-0.02,0.000,N/A
hsa-miR-6842-3p,1213-1219,7mer-1A,-0.07, 60,-0.01,0.000,N/A
hsa-miR-647,1213-1219,7mer-1A,-0.01, 46,-0.00,0.000,N/A
hsa-miR-136-5p,1219-1225,7mer-m8,-0.02, 41,-0.00,0.091,N/A
hsa-miR-6877-3p,1223-1229,7mer-1A,-0.14, 90,-0.01,0.000,N/A
hsa-miR-6819-3p,1223-1229,7mer-1A,-0.07, 80,-0.01,0.000,N/A
hsa-miR-103b,1225-1231,7mer-m8,-0.21, 88,-0.02,0.000,N/A
hsa-miR-5189-3p,1236-1242,7mer-1A,-0.12, 78,-0.01,0.000,N/A
hsa-miR-106a-3p,1241-1247,7mer-m8,-0.06, 69,-0.01,0.000,N/A
hsa-miR-6890-3p,1254-1260,7mer-m8,-0.02, 64,-0.00,0.320,N/A
hsa-miR-106b-3p,1256-1262,7mer-m8,-0.15, 60,-0.01,0.000,N/A
hsa-miR-6749-3p,1262-1269,8mer,-0.16, 77,-0.02,0.000,N/A
hsa-miR-6792-3p,1263-1269,7mer-1A,-0.17, 82,-0.02,0.000,N/A
hsa-miR-4691-5p,1263-1269,7mer-1A,-0.10, 81,-0.01,0.000,N/A
hsa-miR-588,1277-1283,7mer-m8,-0.18, 92,-0.02,0.009,N/A
hsa-miR-4701-5p,1277-1283,7mer-m8,-0.17, 91,-0.02,0.009,N/A
hsa-miR-6728-5p,1282-1289,8mer,-0.04, 64,-0.00,0.000,N/A
hsa-miR-5187-5p,1282-1288,7mer-1A,-0.02, 18,-0.00,0.000,N/A
hsa-miR-6513-5p,1283-1289,7mer-m8,-0.02, 52,-0.00,0.000,N/A
hsa-miR-769-3p,1283-1289,7mer-1A,-0.01, 51,-0.00,0.057,N/A
hsa-miR-450b-3p,1283-1289,7mer-1A,-0.01, 47,-0.00,0.057,N/A
hsa-miR-5089-5p,1283-1289,7mer-1A,-0.01, 28,-0.00,0.000,N/A
hsa-miR-3189-3p,1285-1291,7mer-m8,-0.09, 71,-0.01,0.000,N/A
hsa-miR-6813-3p,1286-1292,7mer-m8,-0.02, 31,-0.00,0.000,N/A
hsa-miR-3684,1289-1295,7mer-m8,-0.09, 55,-0.01,0.000,N/A
hsa-miR-1306-5p,1299-1305,7mer-m8,-0.10, 72,-0.01,1.212,< 0.1
hsa-miR-1224-3p,1301-1307,7mer-m8,-0.04, 58,-0.00,0.350,N/A
hsa-miR-4758-3p,1303-1310,8mer,-0.24, 92,-0.02,0.000,N/A
hsa-miR-3189-5p,1304-1310,7mer-1A,-0.13, 84,-0.01,0.000,N/A
hsa-miR-5699-5p,1304-1310,7mer-1A,-0.10, 72,-0.01,0.000,N/A
hsa-miR-6872-3p,1307-1313,7mer-m8,-0.13, 75,-0.01,0.000,N/A
hsa-miR-7153-3p,1309-1315,7mer-1A,-0.04, 65,-0.00,0.000,N/A
hsa-miR-3671,1314-1320,7mer-m8,-0.02, 41,-0.00,0.000,N/A
hsa-miR-372-5p,1315-1322,8mer,-0.03, 77,-0.00,0.054,N/A
hsa-miR-373-5p,1316-1322,7mer-1A,-0.03, 73,-0.00,0.009,N/A
hsa-miR-371b-5p,1316-1322,7mer-1A,-0.03, 72,-0.00,0.009,N/A
hsa-miR-616-5p,1316-1322,7mer-1A,-0.02, 48,-0.00,0.009,N/A
hsa-miR-371a-5p,1316-1322,7mer-1A,-0.01, 41,-0.00,1.386,N/A
hsa-miR-6505-5p,1324-1330,7mer-1A,-0.05, 64,-0.01,0.054,N/A
hsa-miR-7850-5p,1326-1332,7mer-1A,-0.01, 52,-0.00,0.000,N/A
hsa-miR-1245b-5p,1335-1341,7mer-m8,-0.03, 48,-0.00,0.000,N/A
hsa-miR-3142,1335-1341,7mer-m8,-0.03, 47,-0.00,0.000,N/A
hsa-miR-6847-5p,1339-1345,7mer-1A,-0.08, 72,-0.01,0.000,N/A
hsa-miR-4257,1339-1345,7mer-1A,-0.02, 45,-0.00,0.000,N/A
hsa-miR-205-5p,1343-1349,7mer-1A,-0.01, 28,-0.00,2.403,0.13
hsa-miR-6864-5p,1350-1356,7mer-m8,-0.05, 59,-0.01,0.000,N/A
hsa-miR-7515,1350-1356,7mer-1A,-0.03, 31,-0.00,0.000,N/A
hsa-miR-3179,1350-1356,7mer-1A,-0.01, 26,-0.00,0.000,N/A
hsa-miR-146a-3p,1353-1359,7mer-m8,-0.02, 30,-0.00,0.000,N/A
hsa-miR-525-5p,1364-1371,8mer,-0.06, 62,-0.01,0.054,N/A
hsa-miR-520a-5p,1364-1371,8mer,-0.05, 60,-0.01,0.054,N/A
hsa-miR-3180-5p,1365-1371,7mer-m8,-0.02, 40,-0.00,0.000,N/A
hsa-miR-616-3p,1370-1376,7mer-1A,-0.03, 40,-0.00,0.009,N/A
hsa-miR-4643,1375-1381,7mer-m8,-0.02, 60,-0.00,0.000,N/A
hsa-miR-642b-3p,1376-1383,8mer,-0.10, 80,-0.01,0.000,N/A
hsa-miR-642a-3p,1376-1383,8mer,-0.10, 80,-0.01,0.000,N/A
hsa-miR-514a-3p,1378-1384,7mer-m8,-0.06, 72,-0.01,0.057,N/A
hsa-miR-514b-3p,1378-1384,7mer-m8,-0.06, 72,-0.01,0.057,N/A
hsa-miR-646,1384-1390,7mer-m8,-0.06, 65,-0.01,0.009,N/A
hsa-miR-6835-3p,1399-1406,8mer,-0.03, 80,-0.00,0.793,N/A
hsa-miR-4422,1400-1406,7mer-1A,-0.02, 56,-0.00,0.000,N/A
hsa-miR-9-3p,1401-1407,7mer-1A,-0.01, 23,-0.00,0.545,N/A
hsa-miR-4423-3p,1408-1414,7mer-m8,-0.30, 95,-0.03,0.009,N/A
hsa-miR-3622a-5p,1408-1414,7mer-1A,-0.19, 91,-0.02,0.000,N/A
hsa-miR-5582-5p,1408-1414,7mer-1A,-0.19, 88,-0.02,0.000,N/A
hsa-miR-6806-5p,1409-1416,8mer,-0.36, 92,-0.03,0.000,N/A
hsa-miR-577,1417-1423,7mer-1A,-0.03, 60,-0.00,0.057,N/A
hsa-miR-3663-3p,1427-1433,7mer-1A,-0.12, 73,-0.01,0.367,N/A
hsa-miR-526b-5p,1430-1436,7mer-m8,-0.02, 41,-0.00,0.057,N/A
hsa-miR-589-5p,1437-1443,7mer-m8,-0.15, 87,-0.01,0.467,N/A
hsa-miR-3925-3p,1445-1451,7mer-m8,-0.02, 53,-0.00,0.000,N/A
hsa-miR-4691-5p,1447-1453,7mer-m8,-0.02, 33,-0.00,0.000,N/A
hsa-miR-6792-3p,1447-1453,7mer-m8,-0.02, 20,-0.00,0.000,N/A
hsa-miR-574-5p,1455-1462,8mer,-0.08, 55,-0.01,0.320,N/A
hsa-miR-4658,1456-1463,8mer,-0.07, 81,-0.01,0.000,N/A
hsa-miR-6790-5p,1456-1463,8mer,-0.03, 65,-0.00,0.000,N/A
hsa-miR-3659,1456-1462,7mer-1A,-0.01, 14,-0.00,0.000,N/A
hsa-miR-1238-5p,1457-1463,7mer-1A,-0.06, 71,-0.01,0.367,N/A
hsa-miR-4758-5p,1457-1463,7mer-1A,-0.01, 39,-0.00,0.367,N/A
hsa-miR-3945,1471-1478,8mer,-0.24, 90,-0.02,0.000,N/A
hsa-miR-4253,1472-1478,7mer-1A,-0.12, 59,-0.01,0.000,N/A
hsa-miR-6862-5p,1472-1478,7mer-1A,-0.12, 57,-0.01,0.000,N/A
hsa-miR-541-3p,1474-1481,8mer,-0.39, 98,-0.04,0.000,N/A
hsa-miR-654-5p,1474-1481,8mer,-0.38, 97,-0.03,0.000,N/A
hsa-miR-6769a-5p,1475-1481,7mer-1A,-0.12, 79,-0.01,0.000,N/A
hsa-miR-6769b-5p,1475-1481,7mer-1A,-0.10, 76,-0.01,0.000,N/A
hsa-miR-92a-2-5p,1475-1481,7mer-1A,-0.06, 60,-0.01,0.000,N/A
hsa-miR-6728-5p,1480-1486,7mer-m8,-0.11, 80,-0.01,0.367,N/A
hsa-miR-5187-5p,1480-1486,7mer-1A,-0.10, 66,-0.01,0.000,N/A
hsa-miR-4654,1481-1487,7mer-m8,-0.17, 86,-0.02,0.009,N/A
hsa-miR-4769-5p,1481-1487,7mer-m8,-0.06, 69,-0.01,0.009,N/A
hsa-miR-6134,1484-1490,7mer-m8,-0.18, 80,-0.02,0.009,N/A
hsa-miR-4257,1486-1492,7mer-m8,-0.07, 77,-0.01,0.000,N/A
hsa-miR-525-5p,1488-1494,7mer-m8,-0.12, 78,-0.01,0.054,N/A
hsa-miR-520a-5p,1488-1494,7mer-m8,-0.09, 70,-0.01,0.054,N/A
hsa-miR-5586-5p,1490-1496,7mer-1A,-0.01, 29,-0.00,0.000,N/A
hsa-miR-1468-3p,1497-1504,8mer,-0.09, 82,-0.01,0.000,N/A
hsa-miR-548aj-5p,1498-1504,7mer-1A,-0.09, 86,-0.01,0.000,N/A
hsa-miR-548g-5p,1498-1504,7mer-1A,-0.09, 86,-0.01,0.000,N/A
hsa-miR-548x-5p,1498-1504,7mer-1A,-0.09, 86,-0.01,0.000,N/A
hsa-miR-548f-5p,1498-1504,7mer-1A,-0.09, 86,-0.01,0.000,N/A
hsa-miR-548aw,1498-1504,7mer-m8,-0.02, 49,-0.00,0.000,N/A
hsa-miR-491-3p,1501-1508,8mer,-0.24, 91,-0.02,0.057,N/A
hsa-miR-590-3p,1505-1511,7mer-m8,-0.02, 59,-0.00,0.057,N/A
hsa-miR-3907,1517-1528,non-canonical,N/A,N/A,N/A,0.000,N/A
hsa-miR-3907,1517-1528,non-canonical,N/A,N/A,N/A,0.000,N/A
hsa-miR-4645-5p,1518-1524,7mer-1A,-0.17, 91,-0.02,0.054,N/A
hsa-miR-4673,1518-1524,7mer-1A,-0.13, 86,-0.01,0.054,N/A
hsa-miR-150-5p,1530-1536,7mer-m8,-0.02, 37,-0.00,0.091,< 0.1
hsa-miR-8057,1534-1540,7mer-1A,-0.01, 44,-0.00,0.000,N/A
hsa-miR-3064-3p,1542-1548,7mer-m8,-0.13, 78,-0.01,0.000,N/A
hsa-miR-105-5p,1546-1552,7mer-m8,-0.08, 87,-0.01,0.057,N/A
hsa-miR-7853-5p,1546-1552,7mer-m8,-0.07, 86,-0.01,0.057,N/A
hsa-miR-4719,1548-1555,8mer,-0.03, 70,-0.00,0.000,N/A
hsa-miR-4474-5p,1553-1564,non-canonical,N/A,N/A,N/A,0.000,N/A
hsa-miR-4474-5p,1553-1564,non-canonical,N/A,N/A,N/A,0.000,N/A
hsa-miR-433-3p,1555-1561,7mer-m8,-0.02, 42,-0.00,1.092,N/A
hsa-miR-216a-5p,1559-1565,7mer-m8,-0.08, 73,-0.01,0.721,< 0.1
hsa-miR-4711-5p,1565-1571,7mer-1A,-0.09, 64,-0.01,0.000,N/A
hsa-miR-7112-3p,1565-1571,7mer-1A,-0.05, 57,-0.00,0.000,N/A
hsa-miR-4317,1569-1575,7mer-1A,-0.04, 54,-0.00,0.000,N/A
hsa-miR-6758-3p,1571-1577,7mer-1A,-0.01, 37,-0.00,0.000,N/A
hsa-miR-1285-5p,1573-1579,7mer-1A,-0.01, 57,-0.00,0.000,N/A
hsa-miR-548p,1587-1593,7mer-1A,-0.01, 30,-0.00,0.009,N/A
hsa-miR-124-5p,1596-1602,7mer-m8,-0.13, 68,-0.01,0.000,N/A
hsa-miR-4255,1597-1603,7mer-m8,-0.16, 90,-0.02,0.000,N/A
hsa-miR-595,1599-1605,7mer-1A,-0.08, 85,-0.01,0.057,N/A
hsa-miR-4703-5p,1604-1610,7mer-m8,-0.08, 76,-0.01,0.000,N/A
hsa-miR-3942-5p,1604-1610,7mer-m8,-0.08, 76,-0.01,0.000,N/A
hsa-miR-330-3p,1607-1614,8mer,-0.21, 97,-0.02,1.686,N/A
hsa-miR-607,1610-1616,7mer-1A,-0.01, 40,-0.00,0.000,N/A
hsa-miR-1238-3p,1625-1631,7mer-1A,-0.13, 89,-0.01,0.000,N/A
hsa-miR-29b-2-5p,1628-1634,7mer-m8,-0.03, 68,-0.00,0.234,N/A
hsa-miR-29b-1-5p,1629-1635,7mer-m8,-0.02, 43,-0.00,0.000,N/A
hsa-miR-6732-3p,1633-1639,7mer-m8,-0.15, 83,-0.02,0.000,N/A
hsa-miR-6771-3p,1635-1641,7mer-1A,-0.01, 42,-0.00,0.000,N/A
hsa-miR-577,1638-1644,7mer-m8,-0.02, 38,-0.00,0.057,N/A
hsa-miR-371b-5p,1644-1651,8mer,-0.03, 57,-0.00,0.322,N/A
hsa-miR-373-5p,1644-1651,8mer,-0.03, 57,-0.00,0.322,N/A
hsa-miR-616-5p,1644-1651,8mer,-0.03, 52,-0.00,0.322,N/A
hsa-miR-371a-5p,1645-1651,7mer-1A,-0.01, 41,-0.00,1.919,N/A
hsa-miR-372-5p,1645-1651,7mer-1A,-0.01, 34,-0.00,0.395,N/A
hsa-miR-514b-5p,1646-1652,7mer-1A,-0.02, 54,-0.00,0.054,N/A
hsa-miR-513c-5p,1646-1652,7mer-1A,-0.01, 45,-0.00,0.054,N/A
hsa-miR-148a-5p,1649-1655,7mer-m8,-0.02, 37,-0.00,0.054,N/A
hsa-miR-5006-3p,1661-1668,8mer,-0.11, 85,-0.01,0.000,N/A
hsa-miR-4755-5p,1661-1668,8mer,-0.10, 84,-0.01,0.000,N/A
hsa-miR-623,1661-1667,7mer-1A,-0.11, 79,-0.01,0.000,N/A
hsa-miR-211-5p,1661-1667,7mer-1A,-0.03, 58,-0.00,1.078,< 0.1
hsa-miR-204-5p,1661-1667,7mer-1A,-0.02, 48,-0.00,1.078,< 0.1
hsa-miR-4446-5p,1662-1669,8mer,-0.13, 87,-0.01,0.000,N/A
hsa-miR-6832-3p,1666-1673,8mer,-0.11, 82,-0.01,0.000,N/A
hsa-miR-211-5p,1667-1674,8mer,-0.16, 89,-0.02,0.408,< 0.1
hsa-miR-204-5p,1667-1674,8mer,-0.15, 88,-0.02,0.408,< 0.1
hsa-miR-4755-5p,1668-1674,7mer-m8,-0.11, 85,-0.01,0.000,N/A
hsa-miR-5006-3p,1668-1674,7mer-m8,-0.11, 85,-0.01,0.000,N/A
hsa-miR-623,1668-1674,7mer-1A,-0.13, 84,-0.01,0.000,N/A
hsa-miR-642b-5p,1669-1676,8mer,-0.30, 96,-0.03,0.000,N/A
hsa-miR-1266-3p,1672-1679,8mer,-0.35, 97,-0.03,0.000,N/A
hsa-miR-7152-5p,1674-1681,8mer,-0.17, 93,-0.02,0.000,N/A
hsa-miR-3074-5p,1675-1681,7mer-1A,-0.01, 46,-0.00,0.000,N/A
hsa-miR-627-3p,1678-1684,7mer-1A,-0.04, 68,-0.00,0.000,N/A
hsa-miR-193b-5p,1684-1691,8mer,-0.18, 80,-0.02,0.054,N/A
hsa-miR-6855-5p,1685-1692,8mer,-0.26, 94,-0.03,0.000,N/A
hsa-miR-3170,1685-1692,8mer,-0.28, 94,-0.03,0.000,N/A
hsa-miR-5572,1686-1693,8mer,-0.16, 90,-0.02,0.000,N/A
hsa-miR-6737-5p,1686-1692,7mer-1A,-0.12, 69,-0.01,0.000,N/A
hsa-miR-6819-5p,1686-1692,7mer-1A,-0.10, 63,-0.01,0.000,N/A
hsa-miR-6812-5p,1686-1692,7mer-1A,-0.07, 57,-0.01,0.000,N/A
hsa-miR-450a-2-3p,1687-1693,7mer-1A,-0.19, 80,-0.02,0.054,N/A
hsa-miR-4260,1687-1693,7mer-1A,-0.06, 60,-0.01,0.000,N/A
hsa-miR-6740-5p,1688-1694,7mer-m8,-0.04, 43,-0.00,0.000,N/A
hsa-miR-4682,1692-1698,7mer-m8,-0.02, 44,-0.00,0.000,N/A
hsa-miR-7107-5p,1696-1703,8mer,-0.49, 99,-0.04,0.057,N/A
hsa-miR-1234-3p,1696-1703,8mer,-0.46, 98,-0.04,0.057,N/A
hsa-miR-4665-3p,1698-1704,7mer-1A,-0.31, 94,-0.03,0.000,N/A
hsa-miR-1298-5p,1701-1707,7mer-m8,-0.04, 67,-0.00,0.080,N/A
hsa-miR-382-3p,1702-1708,7mer-m8,-0.02, 59,-0.00,1.373,N/A
hsa-miR-4780,1708-1714,7mer-m8,-0.14, 77,-0.01,0.000,N/A
hsa-miR-3127-3p,1710-1716,7mer-1A,-0.08, 65,-0.01,0.000,N/A
hsa-miR-6756-3p,1710-1716,7mer-1A,-0.03, 47,-0.00,0.000,N/A
hsa-miR-3115,1716-1722,7mer-m8,-0.05, 37,-0.01,0.000,N/A
hsa-miR-202-5p,1719-1726,8mer,-0.09, 71,-0.01,0.154,< 0.1
hsa-miR-337-3p,1720-1726,7mer-1A,-0.08, 61,-0.01,0.057,N/A
hsa-miR-384,1721-1727,7mer-1A,-0.03, 54,-0.00,0.154,N/A
hsa-miR-3685,1721-1727,7mer-1A,-0.01, 39,-0.00,0.000,N/A
hsa-miR-4638-3p,1731-1738,8mer,-0.24, 91,-0.02,0.000,N/A
hsa-miR-378f,1732-1738,7mer-1A,-0.09, 70,-0.01,2.144,N/A
hsa-miR-378c,1732-1738,7mer-1A,-0.09, 70,-0.01,2.144,N/A
hsa-miR-378d,1732-1738,7mer-1A,-0.09, 70,-0.01,2.144,N/A
hsa-miR-378e,1732-1738,7mer-1A,-0.09, 70,-0.01,2.144,N/A
hsa-miR-378i,1732-1738,7mer-1A,-0.09, 70,-0.01,2.144,N/A
hsa-miR-378a-3p,1732-1738,7mer-1A,-0.09, 70,-0.01,2.144,N/A
hsa-miR-378h,1732-1738,7mer-1A,-0.09, 70,-0.01,2.144,N/A
hsa-miR-422a,1732-1738,7mer-1A,-0.09, 70,-0.01,2.144,N/A
hsa-miR-378b,1732-1738,7mer-1A,-0.07, 62,-0.01,2.144,N/A
hsa-miR-518c-5p,1733-1740,8mer,-0.10, 78,-0.01,0.000,N/A
hsa-miR-6764-3p,1734-1740,7mer-1A,-0.08, 80,-0.01,0.000,N/A
hsa-miR-326,1734-1740,7mer-1A,-0.11, 78,-0.01,1.682,N/A
hsa-miR-6824-3p,1734-1740,7mer-1A,-0.03, 63,-0.00,0.000,N/A
hsa-miR-3191-5p,1734-1740,7mer-m8,-0.04, 60,-0.00,0.000,N/A
hsa-miR-330-5p,1734-1740,7mer-1A,-0.04, 58,-0.00,1.682,N/A
hsa-miR-593-3p,1735-1742,8mer,-0.09, 72,-0.01,0.057,N/A
hsa-miR-6818-3p,1736-1743,8mer,-0.03, 53,-0.00,0.000,N/A
hsa-miR-6895-3p,1736-1742,7mer-1A,-0.01, 32,-0.00,0.000,N/A
hsa-miR-3655,1739-1745,7mer-1A,-0.03, 61,-0.00,0.000,N/A
hsa-miR-1264,1742-1748,7mer-m8,-0.02, 45,-0.00,0.009,N/A
hsa-miR-6734-3p,1750-1756,7mer-m8,-0.11, 77,-0.01,0.000,N/A
hsa-miR-198,1759-1766,8mer,-0.10, 76,-0.01,0.057,N/A
hsa-miR-5187-3p,1766-1772,7mer-1A,-0.01, 41,-0.00,0.000,N/A
hsa-miR-4680-3p,1766-1772,7mer-1A,-0.01, 30,-0.00,0.000,N/A
hsa-miR-4427,1766-1772,7mer-1A,-0.01, 22,-0.00,0.000,N/A
hsa-miR-4694-5p,1772-1778,7mer-1A,-0.16, 75,-0.02,0.000,N/A
hsa-miR-1264,1778-1784,7mer-m8,-0.02, 45,-0.00,0.009,N/A
hsa-miR-1297,1781-1787,7mer-1A,-0.05, 38,-0.00,0.307,< 0.1
hsa-miR-4465,1781-1787,7mer-1A,-0.03, 24,-0.00,0.307,< 0.1
hsa-miR-26b-5p,1781-1787,7mer-1A,-0.01,  0,-0.00,0.307,< 0.1
hsa-miR-26a-5p,1781-1787,7mer-1A,-0.01,  0,-0.00,0.307,< 0.1
hsa-miR-124-3p.1,1789-1795,7mer-m8,-0.11, 82,-0.01,1.992,< 0.1
hsa-miR-4708-3p,1791-1797,7mer-m8,-0.22, 89,-0.02,0.200,N/A
hsa-miR-1236-3p,1803-1809,7mer-m8,-0.07, 70,-0.01,0.009,N/A
hsa-miR-877-3p,1804-1810,7mer-m8,-0.02, 49,-0.00,0.000,N/A
hsa-miR-6781-3p,1805-1811,7mer-m8,-0.07, 70,-0.01,0.000,N/A
hsa-miR-2682-3p,1805-1811,7mer-m8,-0.05, 61,-0.01,0.000,N/A
hsa-miR-4757-5p,1806-1813,8mer,-0.24, 94,-0.02,0.054,N/A
hsa-miR-6744-3p,1806-1813,8mer,-0.18, 94,-0.02,0.054,N/A
hsa-miR-6878-3p,1807-1813,7mer-m8,-0.14, 79,-0.01,0.000,N/A
hsa-miR-3922-3p,1808-1814,7mer-m8,-0.14, 87,-0.01,0.000,N/A
hsa-miR-3176,1808-1814,7mer-m8,-0.07, 71,-0.01,0.000,N/A
hsa-miR-8073,1810-1816,7mer-1A,-0.15, 84,-0.01,0.054,N/A
hsa-miR-221-5p,1810-1816,7mer-1A,-0.14, 81,-0.01,0.054,N/A
hsa-miR-6736-3p,1819-1825,7mer-1A,-0.06, 70,-0.01,0.000,N/A
hsa-miR-4282,1828-1834,7mer-m8,-0.02, 66,-0.00,0.000,N/A
hsa-miR-1468-3p,1830-1836,7mer-m8,-0.02, 40,-0.00,0.000,N/A
hsa-miR-548p,1831-1837,7mer-m8,-0.02, 40,-0.00,0.000,N/A
hsa-miR-939-5p,1835-1842,8mer,-0.34, 96,-0.03,0.054,N/A
hsa-miR-1343-5p,1835-1842,8mer,-0.33, 96,-0.03,0.054,N/A
hsa-miR-3150a-3p,1836-1842,7mer-m8,-0.10, 68,-0.01,0.054,N/A
hsa-miR-6763-5p,1836-1842,7mer-m8,-0.10, 67,-0.01,0.054,N/A
hsa-miR-3175,1836-1842,7mer-1A,-0.11, 63,-0.01,0.000,N/A
hsa-miR-6825-5p,1836-1842,7mer-1A,-0.13, 54,-0.01,0.000,N/A
hsa-miR-8089,1837-1843,7mer-m8,-0.12, 76,-0.01,0.057,N/A
hsa-miR-4700-5p,1837-1843,7mer-m8,-0.12, 75,-0.01,0.057,N/A
hsa-miR-4667-5p,1837-1843,7mer-m8,-0.12, 74,-0.01,0.057,N/A
hsa-miR-653-3p,1840-1847,8mer,-0.04, 65,-0.00,0.054,N/A
hsa-miR-181b-3p,1841-1847,7mer-1A,-0.03, 54,-0.00,0.320,N/A
hsa-miR-181b-2-3p,1841-1847,7mer-1A,-0.03, 54,-0.00,0.320,N/A
hsa-miR-4420,1841-1847,7mer-1A,-0.01, 42,-0.00,0.320,N/A
hsa-miR-6837-3p,1842-1848,7mer-m8,-0.02, 34,-0.00,0.000,N/A
hsa-miR-7108-5p,1848-1854,7mer-m8,-0.13, 85,-0.01,0.000,N/A
hsa-miR-663b,1848-1854,7mer-1A,-0.05, 61,-0.00,0.009,N/A
hsa-miR-298,1860-1866,7mer-m8,-0.02, 33,-0.00,0.009,N/A
hsa-miR-6721-5p,1863-1869,7mer-1A,-0.08, 57,-0.01,0.000,N/A
hsa-miR-2392,1867-1873,7mer-m8,-0.08, 72,-0.01,0.009,N/A
hsa-miR-4524b-3p,1871-1877,7mer-m8,-0.04, 77,-0.00,0.000,N/A
hsa-miR-1324,1872-1878,7mer-m8,-0.05, 67,-0.01,0.009,N/A
hsa-miR-136-5p,1882-1888,7mer-1A,-0.01, 37,-0.00,1.409,N/A
hsa-miR-6892-3p,1885-1891,7mer-m8,-0.04, 57,-0.00,0.000,N/A
hsa-miR-211-3p,1891-1897,7mer-m8,-0.02, 63,-0.00,0.000,N/A
hsa-miR-1207-5p,1893-1899,7mer-m8,-0.06, 61,-0.01,0.000,N/A
hsa-miR-4763-3p,1893-1899,7mer-m8,-0.05, 56,-0.01,0.000,N/A
hsa-miR-6808-5p,1894-1900,7mer-m8,-0.02, 43,-0.00,0.057,N/A
hsa-miR-940,1894-1900,7mer-m8,-0.02, 43,-0.00,0.057,N/A
hsa-miR-6893-5p,1894-1900,7mer-m8,-0.02, 43,-0.00,0.057,N/A
hsa-miR-1827,1895-1902,8mer,-0.03, 33,-0.00,0.009,N/A
hsa-miR-4316,1897-1903,7mer-m8,-0.09, 78,-0.01,0.000,N/A
hsa-miR-4710,1898-1904,7mer-m8,-0.09, 70,-0.01,0.000,N/A
hsa-miR-7854-3p,1900-1906,7mer-m8,-0.11, 73,-0.01,0.000,N/A
hsa-miR-4257,1902-1908,7mer-m8,-0.04, 68,-0.00,0.000,N/A
hsa-miR-2467-3p,1903-1909,7mer-m8,-0.19, 88,-0.02,0.234,N/A
hsa-miR-5197-5p,1907-1913,7mer-m8,-0.05, 50,-0.00,0.000,N/A
hsa-miR-4698,1910-1916,7mer-m8,-0.02, 59,-0.00,0.000,N/A
hsa-miR-1273d,1915-1921,7mer-1A,-0.10, 90,-0.01,0.000,N/A
hsa-miR-4279,1921-1927,7mer-1A,-0.01, 35,-0.00,0.000,N/A
hsa-miR-6505-3p,1924-1931,8mer,-0.17, 84,-0.02,0.347,N/A
hsa-miR-617,1925-1931,7mer-1A,-0.05, 52,-0.00,0.009,N/A
hsa-miR-150-5p,1934-1940,7mer-m8,-0.04, 74,-0.00,1.420,< 0.1
hsa-miR-3155b,1938-1945,8mer,-0.24, 96,-0.02,0.000,N/A
hsa-miR-3155a,1938-1945,8mer,-0.24, 96,-0.02,0.000,N/A
hsa-miR-484,1938-1945,8mer,-0.22, 95,-0.02,0.000,N/A
hsa-miR-205-3p,1942-1949,8mer,-0.03, 85,-0.00,0.000,N/A
hsa-miR-138-2-3p,1944-1950,7mer-m8,-0.02, 73,-0.00,0.000,N/A
hsa-miR-548b-3p,1952-1958,7mer-m8,-0.10, 87,-0.01,0.009,N/A
hsa-miR-153-5p,1961-1967,7mer-m8,-0.02, 50,-0.00,0.054,N/A
hsa-miR-4713-3p,1967-1973,7mer-m8,-0.29, 88,-0.03,0.000,N/A
hsa-miR-6857-5p,1969-1975,7mer-m8,-0.10, 77,-0.01,0.000,N/A
hsa-miR-4450,1969-1975,7mer-1A,-0.09, 59,-0.01,0.000,N/A
hsa-miR-8089,1970-1976,7mer-m8,-0.16, 82,-0.02,0.009,N/A
hsa-miR-4700-5p,1970-1976,7mer-m8,-0.15, 82,-0.01,0.009,N/A
hsa-miR-4667-5p,1970-1976,7mer-m8,-0.14, 78,-0.01,0.009,N/A
hsa-miR-653-3p,1973-1980,8mer,-0.17, 92,-0.02,0.000,N/A
hsa-miR-181b-2-3p,1974-1980,7mer-1A,-0.06, 69,-0.01,0.234,N/A
hsa-miR-181b-3p,1974-1980,7mer-1A,-0.06, 69,-0.01,0.234,N/A
hsa-miR-4420,1974-1980,7mer-1A,-0.01, 42,-0.00,0.234,N/A
hsa-miR-5096,1976-1982,7mer-1A,-0.01, 44,-0.00,0.000,N/A
hsa-miR-1301-5p,1983-1989,7mer-m8,-0.20, 86,-0.02,0.000,N/A
hsa-miR-6502-5p,1983-1989,7mer-m8,-0.20, 84,-0.02,0.000,N/A
hsa-miR-27a-5p,1992-1999,8mer,-0.27, 93,-0.03,0.395,N/A
hsa-miR-4790-3p,1997-2003,7mer-1A,-0.01, 21,-0.00,0.000,N/A
hsa-miR-4656,2001-2008,8mer,-0.32, 97,-0.03,0.000,N/A
hsa-miR-3620-5p,2002-2008,7mer-m8,-0.25, 96,-0.02,0.000,N/A
hsa-miR-1587,2002-2008,7mer-m8,-0.28, 94,-0.03,0.000,N/A
hsa-miR-4741,2002-2008,7mer-1A,-0.18, 90,-0.02,0.000,N/A
hsa-miR-4675,2002-2008,7mer-1A,-0.10, 87,-0.01,0.000,N/A
hsa-miR-762,2002-2008,7mer-1A,-0.11, 73,-0.01,0.057,N/A
hsa-miR-5001-5p,2002-2008,7mer-1A,-0.15, 71,-0.02,0.057,N/A
hsa-miR-4492,2002-2008,7mer-1A,-0.09, 71,-0.01,0.057,N/A
hsa-miR-6829-5p,2002-2008,7mer-1A,-0.07, 69,-0.01,0.000,N/A
hsa-miR-4498,2002-2008,7mer-1A,-0.14, 68,-0.01,0.057,N/A
hsa-miR-203a-3p.1,2007-2013,7mer-1A,-0.01, 33,-0.00,0.268,< 0.1
hsa-miR-3934-5p,2013-2020,8mer,-0.25, 97,-0.02,0.000,N/A
hsa-miR-125a-3p,2014-2020,7mer-1A,-0.19, 92,-0.02,0.057,N/A
hsa-miR-764,2014-2020,7mer-1A,-0.03, 78,-0.00,0.000,N/A
hsa-miR-30a-3p,2017-2023,7mer-1A,-0.01, 38,-0.00,0.230,N/A
hsa-miR-30e-3p,2017-2023,7mer-1A,-0.01, 38,-0.00,0.230,N/A
hsa-miR-30d-3p,2017-2023,7mer-1A,-0.01, 38,-0.00,0.230,N/A
hsa-miR-1250-3p,2019-2025,7mer-m8,-0.02, 67,-0.00,0.000,N/A
hsa-miR-543,2022-2028,7mer-1A,-0.01, 53,-0.00,0.589,N/A
hsa-miR-3143,2022-2028,7mer-m8,-0.02, 43,-0.00,0.000,N/A
hsa-miR-34c-3p,2027-2033,7mer-m8,-0.06, 66,-0.01,0.057,N/A
hsa-miR-3691-3p,2038-2044,7mer-1A,-0.03, 63,-0.00,0.000,N/A
hsa-miR-7152-3p,2042-2048,7mer-m8,-0.27, 93,-0.03,0.000,N/A
hsa-miR-6131,2043-2050,8mer,-0.21, 95,-0.02,0.009,N/A
hsa-miR-133a-5p,2044-2050,7mer-1A,-0.16, 80,-0.02,0.000,N/A
hsa-miR-138-5p,2044-2050,7mer-1A,-0.11, 65,-0.01,0.047,< 0.1
hsa-miR-541-5p,2050-2056,7mer-1A,-0.04, 58,-0.00,0.000,N/A
hsa-miR-4477b,2051-2057,7mer-m8,-0.03, 44,-0.00,0.000,N/A
hsa-miR-4762-3p,2060-2067,8mer,-0.09, 84,-0.01,0.000,N/A
hsa-miR-3192-3p,2060-2066,7mer-1A,-0.02, 56,-0.00,0.000,N/A
hsa-miR-3160-5p,2063-2069,7mer-m8,-0.02, 41,-0.00,0.000,N/A
hsa-miR-4489,2067-2073,7mer-1A,-0.22, 90,-0.02,0.000,N/A
hsa-miR-4283,2067-2073,7mer-1A,-0.13, 76,-0.01,0.000,N/A
hsa-miR-185-3p,2067-2073,7mer-1A,-0.18, 70,-0.02,0.054,N/A
hsa-miR-4260,2068-2074,7mer-m8,-0.21, 89,-0.02,0.000,N/A
hsa-miR-1227-5p,2068-2074,7mer-1A,-0.09, 74,-0.01,0.054,N/A
hsa-miR-1273e,2072-2078,7mer-1A,-0.11, 73,-0.01,0.000,N/A
hsa-miR-302f,2074-2080,7mer-m8,-0.03, 48,-0.00,0.009,N/A
hsa-miR-107,2080-2086,7mer-1A,-0.20, 90,-0.02,1.790,< 0.1
hsa-miR-103a-3p,2080-2086,7mer-1A,-0.20, 90,-0.02,1.790,< 0.1
hsa-miR-4662b,2085-2091,7mer-1A,-0.08, 77,-0.01,0.000,N/A
hsa-miR-4647,2085-2091,7mer-1A,-0.01, 48,-0.00,0.000,N/A
hsa-miR-4426,2085-2091,7mer-1A,-0.01, 48,-0.00,0.000,N/A
hsa-miR-3620-3p,2094-2100,7mer-1A,-0.17, 89,-0.02,0.000,N/A
hsa-miR-6865-3p,2094-2100,7mer-1A,-0.05, 62,-0.01,0.000,N/A
hsa-miR-6784-3p,2095-2101,7mer-m8,-0.19, 86,-0.02,0.000,N/A
hsa-miR-6862-3p,2095-2101,7mer-m8,-0.16, 83,-0.02,0.000,N/A
hsa-miR-188-5p,2100-2106,7mer-1A,-0.09, 76,-0.01,1.983,N/A
hsa-miR-6866-3p,2100-2106,7mer-1A,-0.05, 73,-0.01,1.983,N/A
hsa-miR-6885-3p,2106-2113,8mer,-0.09, 85,-0.01,0.000,N/A
hsa-miR-6881-3p,2112-2118,7mer-m8,-0.16, 87,-0.02,0.000,N/A
hsa-miR-877-3p,2112-2118,7mer-1A,-0.04, 59,-0.00,0.000,N/A
hsa-miR-5196-3p,2114-2120,7mer-m8,-0.25, 95,-0.02,0.000,N/A
hsa-miR-584-5p,2124-2130,7mer-1A,-0.01, 16,-0.00,0.057,N/A
hsa-miR-6742-3p,2130-2137,8mer,-0.34, 98,-0.03,0.000,N/A
hsa-miR-6783-3p,2131-2138,8mer,-0.32, 97,-0.03,0.000,N/A
hsa-miR-1343-3p,2131-2138,8mer,-0.35, 97,-0.03,0.000,N/A
hsa-miR-6852-5p,2131-2137,7mer-1A,-0.18, 90,-0.02,0.000,N/A
hsa-miR-939-3p,2131-2137,7mer-1A,-0.06, 66,-0.01,0.000,N/A
hsa-miR-1298-5p,2136-2142,7mer-1A,-0.01, 38,-0.00,1.797,N/A
hsa-miR-141-5p,2140-2146,7mer-1A,-0.12, 83,-0.01,0.320,N/A
hsa-miR-8069,2146-2152,7mer-1A,-0.05, 68,-0.01,0.000,N/A
hsa-miR-8075,2148-2155,8mer,-0.32, 95,-0.03,0.000,N/A
hsa-miR-628-5p,2150-2156,7mer-1A,-0.09, 78,-0.01,0.502,N/A
hsa-miR-6844,2154-2160,7mer-1A,-0.01, 30,-0.00,0.000,N/A
hsa-miR-7-1-3p,2166-2172,7mer-m8,-0.02, 72,-0.00,0.000,N/A
hsa-miR-7-2-3p,2166-2172,7mer-m8,-0.02, 72,-0.00,0.000,N/A
hsa-miR-4724-5p,2170-2176,7mer-m8,-0.18, 95,-0.02,0.000,N/A
hsa-miR-4499,2172-2178,7mer-m8,-0.18, 91,-0.02,0.000,N/A
hsa-miR-548u,2174-2180,7mer-m8,-0.06, 79,-0.01,0.000,N/A
hsa-miR-7161-5p,2174-2180,7mer-m8,-0.04, 74,-0.00,0.000,N/A
hsa-miR-3646,2179-2186,8mer,-0.03, 77,-0.00,0.000,N/A
hsa-miR-1252-3p,2180-2186,7mer-1A,-0.01, 53,-0.00,0.000,N/A
hsa-miR-4799-5p,2182-2188,7mer-m8,-0.02, 57,-0.00,0.000,N/A
hsa-miR-520f-5p,2183-2189,7mer-m8,-0.08, 74,-0.01,0.000,N/A
hsa-miR-4661-5p,2188-2194,7mer-m8,-0.19, 81,-0.02,0.000,N/A
hsa-miR-548u,2192-2198,7mer-m8,-0.04, 73,-0.00,0.000,N/A
hsa-miR-7161-5p,2192-2198,7mer-m8,-0.04, 70,-0.00,0.000,N/A
hsa-miR-4318,2199-2205,7mer-1A,-0.17, 87,-0.02,0.000,N/A
hsa-miR-4693-5p,2199-2205,7mer-m8,-0.16, 83,-0.02,0.000,N/A
hsa-miR-892a,2199-2205,7mer-1A,-0.10, 81,-0.01,0.057,N/A
hsa-miR-5579-5p,2203-2209,7mer-m8,-0.21, 91,-0.02,0.000,N/A
hsa-miR-1245b-3p,2207-2213,7mer-1A,-0.07, 68,-0.01,0.000,N/A
hsa-miR-3942-3p,2208-2214,7mer-m8,-0.04, 72,-0.00,0.000,N/A
hsa-miR-5100,2208-2214,7mer-1A,-0.01, 38,-0.00,0.000,N/A
hsa-miR-892c-5p,2209-2216,8mer,-0.12, 86,-0.01,0.054,N/A
hsa-miR-506-5p,2210-2216,7mer-1A,-0.12, 86,-0.01,0.054,N/A
hsa-miR-4678,2213-2219,7mer-m8,-0.08, 67,-0.01,0.000,N/A
hsa-miR-202-3p,2214-2220,7mer-m8,-0.21, 87,-0.02,0.009,N/A
hsa-miR-583,2217-2223,7mer-m8,-0.06, 81,-0.01,0.057,N/A
hsa-miR-607,2221-2227,7mer-1A,-0.01, 40,-0.00,0.000,N/A
hsa-miR-1248,2226-2233,8mer,-0.18, 93,-0.02,0.009,N/A
hsa-miR-6868-3p,2227-2234,8mer,-0.18, 90,-0.02,0.000,N/A
hsa-miR-1237-3p,2227-2233,7mer-1A,-0.06, 68,-0.01,0.009,N/A
hsa-miR-1264,2233-2239,7mer-m8,-0.02, 45,-0.00,0.322,N/A
hsa-miR-6507-3p,2235-2241,7mer-1A,-0.01, 46,-0.00,0.000,N/A
hsa-miR-4704-5p,2244-2250,7mer-1A,-0.04, 71,-0.00,0.200,N/A
hsa-miR-4762-5p,2250-2256,7mer-m8,-0.09, 85,-0.01,0.000,N/A
hsa-miR-7-2-3p,2252-2258,7mer-m8,-0.02, 84,-0.00,0.000,N/A
hsa-miR-7-1-3p,2252-2258,7mer-m8,-0.02, 72,-0.00,0.000,N/A
hsa-miR-6715b-3p,2266-2272,7mer-1A,-0.02, 60,-0.00,0.000,N/A
hsa-miR-607,2267-2273,7mer-1A,-0.01, 40,-0.00,0.000,N/A
hsa-miR-1305,2268-2274,7mer-1A,-0.01, 49,-0.00,0.000,N/A
hsa-miR-5692b,2274-2280,7mer-m8,-0.02, 58,-0.00,0.000,N/A
hsa-miR-5692c,2274-2280,7mer-m8,-0.02, 58,-0.00,0.000,N/A
hsa-miR-524-5p,2281-2288,8mer,-0.20, 98,-0.02,0.000,N/A
hsa-miR-520d-5p,2281-2288,8mer,-0.20, 98,-0.02,0.000,N/A
hsa-miR-5692a,2288-2294,7mer-m8,-0.02, 73,-0.00,0.000,N/A
hsa-miR-548c-3p,2291-2297,7mer-1A,-0.01, 57,-0.00,0.236,N/A
hsa-miR-5580-3p,2298-2304,7mer-1A,-0.01, 43,-0.00,0.000,N/A
hsa-miR-1179,2307-2313,7mer-m8,-0.18, 93,-0.02,0.009,N/A
hsa-miR-922,2321-2327,7mer-m8,-0.10, 90,-0.01,0.057,N/A
hsa-miR-3120-3p,2323-2329,7mer-1A,-0.09, 79,-0.01,0.000,N/A
hsa-miR-489-3p,2329-2335,7mer-1A,-0.01, 47,-0.00,0.295,< 0.1
hsa-miR-561-3p,2334-2340,7mer-1A,-0.01, 41,-0.00,0.000,N/A
hsa-miR-548at-5p,2334-2340,7mer-1A,-0.01, 35,-0.00,0.000,N/A
hsa-miR-142-5p,2335-2341,7mer-m8,-0.02, 59,-0.00,0.152,< 0.1
hsa-miR-5590-3p,2335-2341,7mer-m8,-0.02, 56,-0.00,0.152,< 0.1
hsa-miR-373-5p,2351-2357,7mer-m8,-0.02, 39,-0.00,0.000,N/A
hsa-miR-371b-5p,2351-2357,7mer-m8,-0.02, 38,-0.00,0.000,N/A
hsa-miR-616-5p,2351-2357,7mer-m8,-0.02, 34,-0.00,0.000,N/A
hsa-miR-4646-3p,2357-2364,8mer,-0.36, 96,-0.03,0.000,N/A
hsa-miR-4433b-5p,2357-2363,7mer-1A,-0.18, 83,-0.02,0.000,N/A
hsa-miR-2355-3p,2358-2364,7mer-1A,-0.09, 64,-0.01,0.000,N/A
hsa-miR-3606-3p,2362-2368,7mer-1A,-0.01, 57,-0.00,0.000,N/A
hsa-miR-513a-3p,2362-2368,7mer-1A,-0.01, 57,-0.00,0.000,N/A
hsa-miR-513c-3p,2362-2368,7mer-1A,-0.01, 57,-0.00,0.000,N/A
hsa-miR-8068,2370-2377,8mer,-0.26, 93,-0.02,0.000,N/A
hsa-miR-7109-5p,2379-2385,7mer-m8,-0.29, 92,-0.03,0.000,N/A
hsa-miR-6795-5p,2379-2385,7mer-1A,-0.29, 80,-0.03,0.000,N/A
hsa-miR-6887-5p,2379-2385,7mer-1A,-0.29, 80,-0.03,0.000,N/A
hsa-miR-6885-5p,2379-2385,7mer-1A,-0.20, 67,-0.02,0.000,N/A
hsa-miR-328-5p,2379-2385,7mer-1A,-0.11, 56,-0.01,0.000,N/A
hsa-miR-8070,2385-2391,7mer-1A,-0.05, 63,-0.00,0.000,N/A
hsa-miR-758-3p,2386-2392,7mer-1A,-0.05, 73,-0.01,0.016,N/A
hsa-miR-501-5p,2396-2402,7mer-m8,-0.09, 75,-0.01,0.054,N/A
hsa-miR-500a-5p,2397-2403,7mer-m8,-0.06, 79,-0.01,0.057,N/A
hsa-miR-106a-3p,2401-2407,7mer-1A,-0.06, 70,-0.01,0.000,N/A
hsa-miR-6841-3p,2403-2409,7mer-m8,-0.11, 65,-0.01,0.000,N/A
hsa-miR-6851-3p,2406-2413,8mer,-0.28, 95,-0.03,0.000,N/A
hsa-miR-328-3p,2407-2413,7mer-m8,-0.20, 88,-0.02,1.787,N/A
hsa-miR-6775-3p,2407-2413,7mer-1A,-0.14, 68,-0.01,0.009,N/A
hsa-miR-1291,2407-2413,7mer-1A,-0.12, 64,-0.01,0.009,N/A
hsa-miR-3190-5p,2409-2415,7mer-1A,-0.14, 84,-0.01,0.000,N/A
hsa-miR-3922-3p,2409-2415,7mer-1A,-0.10, 80,-0.01,0.000,N/A
hsa-miR-3176,2409-2415,7mer-1A,-0.10, 80,-0.01,0.000,N/A
hsa-miR-3126-3p,2410-2416,7mer-m8,-0.13, 82,-0.01,0.000,N/A
hsa-miR-1255b-2-3p,2422-2428,7mer-m8,-0.12, 84,-0.01,0.000,N/A
hsa-miR-497-3p,2424-2430,7mer-m8,-0.08, 88,-0.01,0.054,N/A
hsa-miR-202-5p,2431-2437,7mer-m8,-0.13, 81,-0.01,0.818,< 0.1
hsa-miR-4711-3p,2437-2443,7mer-1A,-0.03, 44,-0.00,0.000,N/A
hsa-miR-4764-5p,2440-2447,8mer,-0.21, 84,-0.02,0.000,N/A
hsa-miR-1250-5p,2440-2451,non-canonical,N/A,N/A,N/A,0.000,N/A
hsa-miR-1250-5p,2440-2451,non-canonical,N/A,N/A,N/A,0.000,N/A
hsa-miR-1287-5p,2443-2450,8mer,-0.22, 95,-0.02,0.000,N/A
hsa-miR-3135b,2444-2450,7mer-1A,-0.03, 49,-0.00,0.000,N/A
hsa-miR-302f,2447-2453,7mer-m8,-0.05, 64,-0.01,0.009,N/A
hsa-miR-7849-3p,2449-2455,7mer-m8,-0.02, 74,-0.00,0.000,N/A
hsa-miR-181a-2-3p,2460-2466,7mer-m8,-0.03, 52,-0.00,0.320,N/A
hsa-miR-4252,2461-2467,7mer-m8,-0.10, 81,-0.01,0.367,N/A
hsa-miR-1276,2466-2472,7mer-m8,-0.09, 89,-0.01,0.009,N/A
hsa-miR-555,2472-2478,7mer-1A,-0.15, 69,-0.02,0.009,N/A
hsa-miR-1225-5p,2473-2479,7mer-1A,-0.09, 77,-0.01,0.054,N/A
hsa-miR-1229-5p,2473-2479,7mer-1A,-0.10, 72,-0.01,0.000,N/A
hsa-miR-200b-5p,2480-2486,7mer-1A,-0.03, 67,-0.00,0.395,N/A
hsa-miR-200a-5p,2480-2486,7mer-1A,-0.01, 57,-0.00,0.395,N/A
hsa-miR-3171,2484-2491,8mer,-0.25, 92,-0.02,0.000,N/A
hsa-miR-4679,2488-2494,7mer-m8,-0.11, 85,-0.01,0.234,N/A
hsa-miR-943,2491-2497,7mer-m8,-0.10, 79,-0.01,0.236,N/A
hsa-miR-6820-3p,2493-2499,7mer-1A,-0.04, 50,-0.00,0.000,N/A
hsa-miR-3164,2493-2499,7mer-1A,-0.03, 41,-0.00,0.000,N/A
hsa-miR-4501,2494-2500,7mer-m8,-0.18, 92,-0.02,0.000,N/A
hsa-miR-3607-5p,2495-2501,7mer-m8,-0.02, 42,-0.00,0.000,N/A
hsa-miR-497-3p,2507-2513,7mer-1A,-0.04, 80,-0.00,0.347,N/A
hsa-miR-4803,2511-2517,7mer-m8,-0.02, 41,-0.00,0.054,N/A
hsa-miR-505-3p.1,2514-2520,7mer-m8,-0.10, 50,-0.01,1.979,N/A
hsa-miR-370-5p,2517-2523,7mer-1A,-0.10, 81,-0.01,1.986,N/A
hsa-miR-1193,2517-2523,7mer-1A,-0.08, 79,-0.01,1.986,N/A
hsa-miR-7-2-3p,2532-2538,7mer-1A,-0.07, 95,-0.01,0.320,N/A
hsa-miR-7-1-3p,2532-2538,7mer-1A,-0.07, 95,-0.01,0.320,N/A
hsa-miR-495-3p,2532-2538,7mer-1A,-0.01, 63,-0.00,2.192,N/A
hsa-miR-5688,2532-2538,7mer-1A,-0.01, 62,-0.00,2.192,N/A
hsa-miR-302c-5p,2534-2540,7mer-1A,-0.03, 71,-0.00,0.200,N/A
hsa-miR-552-5p,2535-2541,7mer-1A,-0.01, 47,-0.00,0.000,N/A
hsa-miR-5003-5p,2550-2556,7mer-m8,-0.18, 89,-0.02,0.000,N/A
hsa-miR-589-3p,2565-2571,7mer-m8,-0.20, 94,-0.02,0.320,N/A
hsa-miR-8087,2589-2595,7mer-m8,-0.04, 82,-0.00,0.000,N/A
hsa-miR-4696,2591-2597,7mer-m8,-0.26, 96,-0.03,0.000,N/A
hsa-miR-451b,2592-2598,7mer-m8,-0.10, 81,-0.01,0.000,N/A
hsa-miR-3120-3p,2594-2600,7mer-m8,-0.05, 66,-0.01,0.474,N/A
hsa-miR-4786-5p,2600-2606,7mer-m8,-0.17, 86,-0.02,0.000,N/A
hsa-miR-4311,2603-2609,7mer-m8,-0.02, 52,-0.00,0.000,N/A
hsa-miR-3064-3p,2609-2615,7mer-m8,-0.17, 84,-0.02,0.234,N/A
hsa-miR-4727-5p,2611-2618,8mer,-0.27, 95,-0.03,0.367,N/A
hsa-miR-6817-5p,2611-2617,7mer-1A,-0.07, 75,-0.01,0.000,N/A
hsa-miR-4769-3p,2611-2617,7mer-1A,-0.05, 67,-0.00,0.000,N/A
hsa-miR-6738-3p,2612-2618,7mer-m8,-0.11, 77,-0.01,0.000,N/A
hsa-miR-5001-3p,2612-2618,7mer-1A,-0.06, 62,-0.01,0.701,N/A
hsa-miR-6797-3p,2624-2630,7mer-1A,-0.07, 77,-0.01,0.000,N/A
hsa-miR-6076,2624-2630,7mer-1A,-0.06, 70,-0.01,0.000,N/A
hsa-miR-4659b-5p,2629-2635,7mer-m8,-0.09, 72,-0.01,0.000,N/A
hsa-miR-4659a-5p,2629-2635,7mer-m8,-0.08, 67,-0.01,0.000,N/A
hsa-miR-6817-5p,2630-2636,7mer-m8,-0.03, 52,-0.00,0.000,N/A
hsa-miR-4769-3p,2630-2636,7mer-m8,-0.02, 44,-0.00,0.000,N/A
hsa-miR-6882-3p,2632-2638,7mer-1A,-0.05, 46,-0.01,0.000,N/A
hsa-miR-4650-5p,2638-2644,7mer-m8,-0.10, 82,-0.01,0.000,N/A
hsa-miR-548e-5p,2646-2652,7mer-m8,-0.02, 39,-0.00,0.000,N/A
hsa-miR-6716-5p,2661-2667,7mer-1A,-0.14, 75,-0.01,0.000,N/A
hsa-miR-1305,2668-2674,7mer-1A,-0.01, 49,-0.00,0.000,N/A
hsa-miR-1250-3p,2670-2676,7mer-m8,-0.05, 87,-0.01,0.000,N/A
hsa-miR-4699-3p,2679-2685,7mer-m8,-0.02, 49,-0.00,0.000,N/A
hsa-miR-4717-5p,2690-2696,7mer-m8,-0.30, 97,-0.03,0.320,N/A
hsa-miR-4753-5p,2691-2697,7mer-m8,-0.14, 78,-0.01,0.000,N/A
hsa-miR-3922-5p,2692-2698,7mer-m8,-0.27, 95,-0.03,0.000,N/A
hsa-miR-3925-5p,2698-2704,7mer-m8,-0.16, 95,-0.02,0.000,N/A
hsa-miR-6758-5p,2701-2707,7mer-1A,-0.10, 79,-0.01,0.000,N/A
hsa-miR-6856-5p,2701-2707,7mer-1A,-0.10, 79,-0.01,0.000,N/A
hsa-miR-3976,2702-2708,7mer-m8,-0.12, 73,-0.01,0.000,N/A
hsa-miR-889-3p,2715-2721,7mer-m8,-0.11, 95,-0.01,0.230,N/A
hsa-miR-5692b,2716-2722,7mer-m8,-0.02, 58,-0.00,0.000,N/A
hsa-miR-5692c,2716-2722,7mer-m8,-0.02, 58,-0.00,0.000,N/A
hsa-miR-4802-3p,2726-2732,7mer-1A,-0.20, 92,-0.02,0.320,N/A
hsa-miR-942-3p,2726-2732,7mer-1A,-0.11, 81,-0.01,0.320,N/A
hsa-miR-4666a-5p,2727-2733,7mer-1A,-0.11, 80,-0.01,0.000,N/A
hsa-miR-129-5p,2736-2742,7mer-1A,-0.03, 88,-0.00,2.289,< 0.1
hsa-miR-95-5p,2748-2754,7mer-m8,-0.14, 92,-0.01,0.054,N/A
hsa-miR-338-5p,2750-2756,7mer-1A,-0.09, 89,-0.01,0.395,N/A
hsa-miR-4666a-3p,2751-2757,7mer-m8,-0.12, 94,-0.01,0.000,N/A
hsa-miR-190a-3p,2769-2775,7mer-1A,-0.06, 83,-0.01,1.034,N/A
hsa-miR-944,2772-2778,7mer-1A,-0.04, 88,-0.00,0.057,N/A
hsa-miR-4803,2776-2783,8mer,-0.19, 97,-0.02,0.054,N/A
hsa-miR-95-5p,2781-2787,7mer-1A,-0.06, 71,-0.01,0.054,N/A
hsa-miR-1305,2784-2790,7mer-1A,-0.01, 49,-0.00,0.000,N/A
hsa-miR-335-3p,2785-2791,7mer-1A,-0.01, 40,-0.00,0.347,N/A
hsa-miR-192-3p,2793-2799,7mer-m8,-0.25, 96,-0.02,0.320,N/A
hsa-miR-4502,2814-2820,7mer-1A,-0.11, 85,-0.01,0.470,N/A
hsa-miR-4762-3p,2815-2821,7mer-m8,-0.02, 51,-0.00,0.000,N/A
hsa-miR-3192-3p,2815-2821,7mer-1A,-0.01, 39,-0.00,0.000,N/A
hsa-miR-6815-3p,2818-2824,7mer-m8,-0.22, 90,-0.02,0.000,N/A
hsa-miR-6826-5p,2823-2829,7mer-m8,-0.20, 92,-0.02,0.000,N/A
hsa-miR-338-5p,2825-2831,7mer-1A,-0.02, 64,-0.00,0.395,N/A
hsa-miR-4699-3p,2829-2835,7mer-1A,-0.04, 76,-0.00,0.000,N/A
hsa-miR-643,2833-2839,7mer-m8,-0.18, 90,-0.02,0.495,N/A
hsa-miR-3121-3p,2841-2848,8mer,-0.12, 93,-0.01,0.009,N/A
hsa-miR-2053,2858-2864,7mer-m8,-0.09, 94,-0.01,0.000,N/A
hsa-miR-569,2858-2864,7mer-1A,-0.13, 87,-0.01,0.057,N/A
hsa-miR-656-3p,2866-2873,8mer,-0.19, 98,-0.02,0.264,N/A
hsa-miR-548c-3p,2889-2895,7mer-1A,-0.01, 57,-0.00,0.236,N/A
hsa-miR-548j-3p,2898-2904,7mer-1A,-0.03, 90,-0.00,0.054,N/A
hsa-miR-548aq-3p,2898-2904,7mer-1A,-0.03, 89,-0.00,0.054,N/A
hsa-miR-548ae-3p,2898-2904,7mer-1A,-0.03, 89,-0.00,0.054,N/A
hsa-miR-548d-3p,2898-2904,7mer-1A,-0.03, 87,-0.00,0.262,N/A
hsa-miR-548ac,2898-2904,7mer-1A,-0.03, 86,-0.00,0.262,N/A
hsa-miR-548am-3p,2898-2904,7mer-1A,-0.02, 67,-0.00,0.054,N/A
hsa-miR-548ah-3p,2898-2904,7mer-1A,-0.02, 67,-0.00,0.054,N/A
hsa-miR-548x-3p,2898-2904,7mer-1A,-0.01, 65,-0.00,0.054,N/A
hsa-miR-548aj-3p,2898-2904,7mer-1A,-0.01, 65,-0.00,0.054,N/A
hsa-miR-548z,2898-2904,7mer-1A,-0.01, 57,-0.00,0.262,N/A
hsa-miR-548bb-3p,2898-2904,7mer-1A,-0.01, 57,-0.00,0.262,N/A
hsa-miR-548h-3p,2898-2904,7mer-1A,-0.01, 57,-0.00,0.262,N/A
hsa-miR-1277-5p,2906-2912,7mer-m8,-0.10, 93,-0.01,0.000,N/A
hsa-miR-510-3p,2912-2918,7mer-1A,-0.04, 85,-0.00,0.000,N/A
hsa-miR-3924,2920-2926,7mer-1A,-0.12, 89,-0.00,0.000,N/A
hsa-miR-361-3p,2930-2936,7mer-m8,-0.33, 97,-0.01,0.350,N/A
hsa-miR-1912,2938-2944,7mer-m8,-0.23, 96,-0.01,0.000,N/A
hsa-miR-1295b-5p,2938-2944,7mer-m8,-0.18, 92,-0.01,0.000,N/A
hsa-miR-548as-3p,2941-2947,7mer-m8,-0.13, 91,-0.00,0.234,N/A
hsa-miR-548d-3p,2942-2948,7mer-m8,-0.02, 77,-0.00,0.262,N/A
hsa-miR-548bb-3p,2942-2948,7mer-m8,-0.02, 77,-0.00,0.262,N/A
hsa-miR-548h-3p,2942-2948,7mer-m8,-0.02, 77,-0.00,0.262,N/A
hsa-miR-548ac,2942-2948,7mer-m8,-0.02, 77,-0.00,0.262,N/A
hsa-miR-548z,2942-2948,7mer-m8,-0.02, 77,-0.00,0.262,N/A
hsa-miR-4311,2950-2957,8mer,-0.09, 93,-0.00,0.000,N/A
hsa-miR-583,2951-2957,7mer-1A,-0.11, 89,-0.00,0.057,N/A
hsa-miR-1276,2951-2957,7mer-1A,-0.01, 65,-0.00,0.009,N/A
hsa-miR-545-5p,2954-2960,7mer-m8,-0.09, 76,-0.00,0.000,N/A
hsa-miR-101-3p.2,2956-2963,8mer,-0.23, 97,-0.01,0.497,< 0.1
hsa-miR-144-3p,2956-2962,7mer-1A,-0.10, 81,-0.00,0.497,< 0.1
hsa-miR-101-3p.1,2956-2962,7mer-1A,-0.07, 78,-0.00,0.497,< 0.1
hsa-miR-8068,2964-2971,8mer,-0.36, 97,-0.01,0.000,N/A
hsa-miR-6516-3p,2969-2975,7mer-1A,-0.20, 91,-0.01,0.000,N/A
hsa-miR-335-3p,2971-2977,7mer-m8,-0.02, 61,-0.00,0.347,N/A
hsa-miR-374b-5p,2985-2992,8mer,-0.05, 79,-0.00,1.612,N/A
hsa-miR-374a-5p,2985-2992,8mer,-0.03, 72,-0.00,1.612,N/A
hsa-miR-369-3p,2985-2991,7mer-1A,-0.01, 53,-0.00,1.681,N/A
hsa-miR-5692b,2985-2991,7mer-1A,-0.01, 41,-0.00,0.000,N/A
hsa-miR-5692c,2985-2991,7mer-1A,-0.01, 41,-0.00,0.000,N/A
hsa-miR-6830-5p,3002-3008,7mer-m8,-0.08, 68,-0.00,0.000,N/A
hsa-miR-4422,3007-3013,7mer-1A,-0.18, 97,-0.00,0.000,N/A
hsa-miR-9-3p,3008-3014,7mer-1A,-0.14, 88,-0.00,0.913,N/A
hsa-miR-302a-5p,3010-3016,7mer-1A,-0.01, 50,0.00,0.437,N/A
hsa-miR-4474-5p,3014-3020,7mer-1A,-0.19, 87,0.00,0.000,N/A
